timestamp,latitude,longitude,Temperature,Humidity,Dust Pulse Ratio,Dust Count,PM 2.5,CO,Signal Strength,Fan Speed,Uptime,echemVdd,echemVin,tempDelta,ppmRaw,uutComp,volt2diff,volt1diff,volt3
2015-05-15 19:20:29.250700+00:00,,,26.27,35.45,0.0625,1161.8,8.48615695001,-3.37,,,,,,,5.3002,3.05980467,611.9609,-1023.625,
2015-05-15 19:30:29.142031+00:00,,,28.52,31.32,0.0667,1248.26,8.72688199985,-4.98,,,,,,,3.5462,2.04724597,409.4492,-1023.6367,
2015-05-15 19:40:29.229013+00:00,,,29.76,29.35,0.0785,1503.81,10.2137690128,-0.83,,,,,,,3.5711,2.06160163,412.3203,-135.6641,
2015-05-15 19:50:29.503772+00:00,,,30.71,28.17,0.0666,1246.31,8.29679523698,1.15,,,,,,,2.937,1.69554686,339.1094,-51.3594,
2015-05-15 20:00:29.480993+00:00,,,31.48,26.84,0.0634,1179.93,7.6591917419,1.67,,,,,,,2.614,1.50904297,301.8086,-24.5352,
2015-05-15 20:10:30.034163+00:00,,,31.99,25.91,0.0712,1343.54,8.55365624891,1.78,19,11744.13,0.04,4.9062,11.821,,2.3108,1.33400392,266.8008,-11.6641,1024.2421
2015-05-15 20:20:29.411589+00:00,,,32.46,25.26,0.062,1152.18,7.23000647126,1.76,,,,,,,2.1145,1.22070312,244.1406,-6.0313,
2015-05-15 20:30:29.733256+00:00,,,32.85,24.86,0.072,1360.5,8.45829607986,1.68,,,,,,,1.933,1.11591792,223.1836,-3.25,
2015-05-15 20:40:29.744676+00:00,,,33.2,24.56,0.0718,1356.56,8.37358849628,1.71,,,,,,,1.862,1.07494139,214.9883,0.1719,
2015-05-15 20:50:29.918473+00:00,,,33.47,24.41,0.0683,1281.6,7.88208329245,1.61,,,,,,,1.7479,1.00904297,201.8086,0.3789,
2015-05-15 21:00:30.157047+00:00,,,33.71,24.56,0.0616,1142.5,7.05226813189,1.4,,,,,,,1.5233,0.87939453,175.8789,0.3633,
2015-05-15 21:10:29.899465+00:00,,,33.86,24.31,0.0702,1321.34,8.10655750619,1.31,18,11986.59,0.08,4.9062,11.821,,1.3985,0.80734367,161.4687,1.1094,1024.289
2015-05-15 21:20:29.837810+00:00,,,34.01,24.48,0.0653,1218.0,7.50373365473,1.17,,,,,,,1.3137,0.75839843,151.6797,-1.1445,
2015-05-15 21:20:58.569276+00:00,,,34.01,24.48,0.0,214.0,1.31838998531,5.4,18,12257.11,0.0,4.9062,11.821,,1.3355,0.77095704,154.1914,138.9336,1024.2734
2015-05-15 21:30:43.389092+00:00,,,34.3,24.28,0.0657,1227.42,7.52477346734,1.05,,,,,,,1.1827,0.68279294,136.5586,-0.8437,
2015-05-15 21:40:43.049746+00:00,,,34.41,23.8,0.0718,1356.21,8.21438607442,0.95,,,,,,,1.0745,0.620332,124.0664,-0.9531,
2015-05-15 21:50:43.307389+00:00,,,34.36,23.75,0.0719,1357.28,8.21029847971,0.93,,,,,,,1.0122,0.58435544,116.8711,0.0586,
2015-05-15 22:00:44.002152+00:00,,,34.23,23.85,0.0651,1214.57,7.3659231552,0.91,,,,,,,0.9748,0.56275391,112.5508,0.7969,
2015-05-15 22:10:43.518067+00:00,,,34.08,24.03,0.087,1701.92,10.3688095342,0.84,,,,,,,0.9448,0.5454297,109.0859,-0.8398,
2015-05-15 22:20:43.708875+00:00,,,34.23,23.98,0.0776,1484.09,9.03028402248,0.67,18,12052.82,0.04,4.9062,11.8363,,0.9336,0.53894529,107.7891,-6.1797,1024.2851
2015-05-15 22:30:43.653317+00:00,,,34.38,23.67,0.0729,1379.24,8.3258935833,0.63,,,,,,,0.8557,0.49402341,98.8047,-5.1484,
2015-05-15 22:40:43.575549+00:00,,,34.5,23.38,0.0713,1344.14,8.05249558547,0.59,,,,,,,0.8232,0.47521486,95.043,-5.3906,
2015-05-15 22:50:43.566957+00:00,,,34.58,23.2,0.066,1233.08,7.35169536891,0.64,,,,,,,0.8096,0.46740236,93.4805,-3.1328,
2015-05-15 23:00:44.249283+00:00,,,34.7,22.87,0.0793,1522.96,8.9986177587,0.63,,,,,,,0.8046,0.46449222,92.8984,-3.3789,
2015-05-15 23:10:43.968518+00:00,,,34.76,22.87,0.061,1131.87,6.68780892639,0.56,,,,,,,0.7949,0.45890626,91.7813,-5.6172,
2015-05-15 23:20:44.490935+00:00,,,34.81,22.47,0.0648,1209.01,7.0638453624,0.58,17,12029.29,0.08,4.9062,11.8516,,0.7954,0.45919923,91.8398,-4.9023,1024.2968
2015-05-15 23:30:43.944650+00:00,,,34.86,22.37,0.0648,1207.22,7.03322654895,0.55,,,,,,,0.7778,0.44902343,89.8047,-5.418,
2015-05-15 23:40:44.280543+00:00,,,34.87,22.19,0.0679,1272.38,7.37433255639,0.48,,,,,,,0.771,0.44507813,89.0156,-7.5039,
2015-05-15 23:50:50.427355+00:00,,,34.86,22.04,0.0618,1146.41,6.61509467938,0.38,,,,,,,0.7092,0.40939455,81.8789,-9.0039,
2015-05-16 00:31:24.789215+00:00,,,34.68,22.22,0.0712,1343.28,7.79204951834,0.28,,,,,,,0.6283,0.36273436,72.5469,-9.6875,
2015-05-16 00:41:24.597308+00:00,,,34.5,22.29,0.069,1294.92,7.52678649614,0.4,,,,,,,0.6376,0.36808595,73.6172,-5.918,
2015-05-16 17:29:34.151836+00:00,,,20.4,49.97,0.0,214.0,1.55769723618,25.03,19,11415.15,0.0,4.9216,11.775,,34.0263,19.64336013,3928.6718,-1007.625,1007.8594
2015-05-16 17:39:20.788063+00:00,,,23.81,44.15,0.1637,4016.88,30.1253024531,-4.77,,,,,,,3.9009,2.25197267,450.3945,-1023.625,
2015-05-16 17:49:20.458064+00:00,,,27.11,36.17,0.1422,3272.73,24.0361662818,-6.38,,,,,,,2.1146,1.2207812,244.1562,-1023.6406,
2015-05-16 17:59:21.005146+00:00,,,28.96,33.89,0.1505,3551.22,25.5784849445,1.13,,,,,,,2.0502,1.18359375,236.7187,-97.5039,
2015-05-16 18:09:21.481781+00:00,,,29.82,32.49,0.1531,3641.15,25.8315275665,0.27,,,,,,,1.7845,1.03021478,206.043,-45.3086,
2015-05-16 18:19:20.787743+00:00,,,30.3,31.99,0.1542,3678.54,25.9398413994,0.87,,,,,,,1.7253,0.99599609,199.1992,-23.7617,
2015-05-16 18:29:22.240602+00:00,,,30.78,31.17,0.1606,3906.2,27.2543260387,1.66,19,12351.34,0.04,4.9062,11.8363,,2.1133,1.21998047,243.9961,-9.6602,1024.25
2015-05-16 18:39:21.813295+00:00,,,31.27,30.47,0.1542,3680.65,25.4303456207,2.05,,,,,,,2.319,1.33873045,267.7461,-2.8008,
2015-05-16 18:49:20.938114+00:00,,,31.63,30.49,0.1295,2867.97,19.8211112802,1.52,,,,,,,1.6393,0.94634761,189.2695,0.2656,
2015-05-16 18:59:20.899613+00:00,,,31.93,29.35,0.1422,3273.66,22.2344625095,2.02,,,,,,,2.037,1.17597651,235.1953,4.8125,
2015-05-16 19:09:21.200858+00:00,,,32.18,29.07,0.1266,2779.48,18.7920082186,1.41,,,,,,,1.4828,0.85601558,171.2031,1.6797,
2015-05-16 19:19:21.244362+00:00,,,32.35,29.07,0.1521,3606.39,24.38273005,1.9,,,,,,,2.0187,1.16541016,233.082,1.6953,
2015-05-16 19:29:21.296914+00:00,,,32.5,28.85,0.1318,2941.26,19.8129335997,1.43,19,12289.3,0.08,4.9062,11.8056,,1.508,0.87058591,174.1172,1.4844,1024.2656
2015-05-16 19:39:21.135936+00:00,,,32.7,28.24,0.1312,2920.81,19.4683961675,1.42,,,,,,,1.5346,0.88591794,177.1836,0.4766,
2015-05-16 19:49:21.774930+00:00,,,33.18,27.72,0.1186,2541.57,16.7810101478,1.3,,,,,,,1.4468,0.83523445,167.0469,-0.6836,
2015-05-16 19:59:22.054434+00:00,,,33.65,26.99,0.122,2643.62,17.2117317188,1.77,,,,,,,1.7818,1.02861332,205.7227,4.6211,
2015-05-16 20:09:21.941029+00:00,,,33.83,26.92,0.1584,3826.87,24.8808470682,1.31,,,,,,,1.423,0.82150382,164.3008,0.2305,
2015-05-16 20:19:21.945327+00:00,,,33.83,26.09,0.1316,2935.01,18.7582567701,1.27,,,,,,,1.2958,0.74804687,149.6094,3.0117,
2015-05-16 20:29:21.646459+00:00,,,33.76,26.32,0.1272,2797.81,17.9685899256,1.3,19,12081.42,0.13,4.9062,11.821,,1.3142,0.75867185,151.7344,3.4492,1024.2734
2015-05-16 20:39:21.669673+00:00,,,33.68,25.89,0.1157,2459.59,15.6522046526,1.37,,,,,,,1.2944,0.74728512,149.457,6.0586,
2015-05-16 21:00:01.665428+00:00,,,33.5,25.86,0.1089,2267.15,14.4181614726,0.99,,,,,,,1.0784,0.62257814,124.5156,0.0547,
2015-05-16 21:10:02.551487+00:00,,,33.4,25.61,0.1041,2137.07,13.516412607,0.85,,,,,,,0.9815,0.56660156,113.3203,-1.5469,
2015-05-16 21:20:02.033329+00:00,,,33.35,25.91,0.0962,1930.89,12.293023888,0.81,,,,,,,1.0072,0.58148436,116.2969,-3.582,
2015-05-16 21:30:01.966139+00:00,,,33.39,25.89,0.0967,1942.69,12.3627846334,0.84,,,,,,,1.0097,0.58287105,116.5742,-2.8438,
2015-05-16 21:40:02.336097+00:00,,,33.46,26.02,0.1088,2266.32,14.4628233279,0.67,19,12156.86,0.04,4.9062,11.8363,,0.992,0.57267575,114.5352,-8.0625,1024.2695
2015-05-16 21:50:02.339541+00:00,,,33.47,25.99,0.1163,2475.79,15.7893949374,14.8,,,,,,,0.9142,0.52779297,105.5586,463.5078,
2015-05-16 22:00:03.624421+00:00,,,33.45,25.99,0.0883,1735.21,11.0663327622,0.68,,,,,,,0.9414,0.54345703,108.6914,-6.0625,
2015-05-16 22:10:02.260387+00:00,,,33.46,25.61,0.0767,1464.28,9.26119062652,0.53,,,,,,,0.9051,0.52251954,104.5039,-9.8672,
2015-05-16 22:20:02.491758+00:00,,,33.39,25.61,0.0869,1701.6,10.7621779783,0.53,,,,,,,0.8552,0.49371094,98.7422,-8.5312,
2015-05-16 22:30:04.114771+00:00,,,33.29,25.91,0.0968,1945.21,12.3841922622,0.55,,,,,,,0.8539,0.49292969,98.5859,-7.8281,
2015-05-16 22:40:02.434684+00:00,,,33.27,25.84,0.092,1825.01,11.6012747542,0.51,19,12108.22,0.08,4.9062,11.8363,,0.8323,0.4805078,96.1016,-8.293,1024.2695
2015-05-16 22:50:01.818706+00:00,,,33.28,25.51,0.1122,2359.73,14.8914343307,42.72,,,,,,,0.4901,0.28291015,56.582,1401.707,
2015-05-16 23:00:02.452293+00:00,,,33.22,25.82,0.1117,2346.81,14.9117604418,0.43,,,,,,,0.8034,0.46382813,92.7656,-10.2773,
2015-05-16 23:10:02.401420+00:00,,,33.2,25.66,0.1178,2519.25,15.9512694224,0.46,,,,,,,0.7904,0.4563086,91.2617,-8.8672,
2015-05-16 23:20:02.562460+00:00,,,33.2,25.61,0.087,1703.93,10.7769146231,0.43,,,,,,,0.7978,0.46058597,92.1172,-9.9766,
2015-05-16 23:30:02.479187+00:00,,,33.25,25.49,0.0913,1808.78,11.4094660985,0.4,,,,,,,0.7837,0.45240235,90.4805,-10.6484,
2015-05-16 23:40:02.880293+00:00,,,33.21,25.36,0.0886,1742.65,10.96015873,0.41,19,12089.06,0.13,4.9062,11.8516,,0.7758,0.44787111,89.5742,-9.8398,1024.2812
2015-05-16 23:50:04.129221+00:00,,,33.22,25.31,0.1033,2117.31,13.3014186274,19.87,,,,,,,0.5995,0.34607422,69.2148,640.8828,
2015-05-17 00:20:02.729881+00:00,,,33.39,25.06,0.0683,1280.32,7.9971662445,0.35,,,,,,,0.7486,0.43216795,86.4336,-11.207,
2015-05-17 00:30:10.911011+00:00,,,33.42,25.21,0.0712,1342.16,8.41250779882,0.36,,,,,,,0.7496,0.43275394,86.5508,-10.8477,
2015-05-17 00:40:03.022410+00:00,,,33.43,25.16,0.0841,1633.96,10.229712575,0.45,20,11990.45,0.17,4.9062,11.8363,,0.7724,0.44587888,89.1758,-8.5117,1024.2695
2015-05-17 00:50:05.835803+00:00,,,33.42,25.01,0.0852,1658.78,10.3490654444,2.69,,,,,,,0.7842,0.45271482,90.543,65.5117,
2015-05-17 01:00:02.918680+00:00,,,33.32,24.86,0.0782,1498.06,9.31351343285,0.34,,,,,,,0.788,0.45492186,90.9844,-12.6328,
2015-05-17 01:10:03.781211+00:00,,,33.24,24.99,0.0981,1979.92,12.3468824887,0.45,,,,,,,0.7967,0.45992188,91.9844,-9.2891,
2015-05-17 01:20:03.276212+00:00,,,33.17,25.82,0.0843,1637.64,10.4056550679,0.34,,,,,,,0.779,0.44970703,89.9414,-12.5078,
2015-05-17 01:30:03.386996+00:00,,,33.2,25.64,0.1059,2186.3,13.8369845852,0.26,,,,,,,0.7227,0.41720705,83.4414,-13.4141,
2015-05-17 01:40:04.732056+00:00,,,33.25,25.57,0.1002,2034.03,12.8532691418,0.17,18,12005.06,0.21,4.9062,11.8363,,0.6863,0.39621093,79.2422,-15.1914,1024.2812
2015-05-17 01:50:05.590664+00:00,,,33.35,25.59,0.0819,1583.34,10.009763372,0.18,,,,,,,0.6689,0.38613281,77.2266,-14.3242,
2015-05-17 02:00:03.388221+00:00,,,33.43,25.53,0.0979,1973.3,12.4583824388,0.14,,,,,,,0.6685,0.38591794,77.1836,-15.5,
2015-05-17 02:10:03.333763+00:00,,,33.47,25.36,0.0668,1249.57,7.8589995376,0.2,,,,,,,0.673,0.38851561,77.7031,-13.6562,
2015-05-17 02:20:03.846577+00:00,,,33.47,25.11,0.068,1273.71,7.96510258395,0.17,,,,,,,0.6657,0.38431642,76.8633,-14.4922,
2015-05-17 02:30:04.048625+00:00,,,33.51,24.81,0.098,1975.85,12.2694435866,0.19,,,,,,,0.6614,0.38183593,76.3672,-13.75,
2015-05-17 02:40:04.236389+00:00,,,33.5,24.58,0.0801,1541.57,9.52019050063,0.16,19,11909.93,0.25,4.9062,11.8363,,0.6736,0.38884763,77.7695,-15.1719,1024.2851
2015-05-17 03:00:47.366465+00:00,,,33.28,24.28,0.0822,1590.22,9.7489410823,0.14,,,,,,,0.6521,0.37648437,75.2969,-15.0859,
2015-05-17 03:10:47.317527+00:00,,,33.03,24.58,0.0869,1701.56,10.5082320934,0.23,,,,,,,0.6193,0.35751953,71.5039,-11.1875,
2015-05-17 03:20:47.420974+00:00,,,32.83,24.66,0.063,1171.34,7.24771557069,0.15,,,,,,,0.5922,0.34189453,68.3789,-13.1836,
2015-05-17 03:30:47.565112+00:00,,,32.62,24.63,0.0608,1128.26,6.97613005305,0.03,,,,,,,0.5708,0.32953124,65.9063,-16.2109,
2015-05-17 03:40:47.854534+00:00,,,32.44,24.61,0.0529,975.71,6.02999828485,0.04,18,11969.23,0.29,4.9062,11.8516,,0.5396,0.31148436,62.2969,-15.0273,1024.2578
2015-05-17 03:50:47.679411+00:00,,,32.24,24.63,0.0493,909.78,5.62524914441,25.66,,,,,,,0.4159,0.24011719,48.0234,834.6953,
2015-05-17 04:00:47.754731+00:00,,,32.03,24.7,0.0448,829.91,5.14002288098,0.04,,,,,,,0.504,0.29095702,58.1914,-14.1211,
2015-05-17 04:10:47.750094+00:00,,,31.81,24.78,0.0544,1004.33,6.23215545705,-0.1,,,,,,,0.4721,0.27253904,54.5078,-17.7969,
2015-05-17 04:20:47.834584+00:00,,,31.64,24.81,0.0428,795.81,4.94174451533,-0.02,,,,,,,0.4631,0.26736328,53.4727,-14.8555,
2015-05-17 04:30:47.998385+00:00,,,31.48,24.86,0.0313,610.88,3.79787130413,-0.03,,,,,,,0.4432,0.2558789,51.1758,-14.3203,
2015-05-17 04:40:48.555554+00:00,,,31.29,24.94,0.0378,712.24,4.4363717038,-0.01,20,11970.26,0.33,4.9062,11.8363,,0.4314,0.24906249,49.8125,-13.4219,1024.2773
2015-05-17 04:50:47.738065+00:00,,,31.19,24.88,0.0352,671.12,4.17435440896,41.11,,,,,,,0.133,0.07679688,15.3594,1347.1875,
2015-05-17 05:00:48.023782+00:00,,,31.06,24.94,0.0294,581.55,3.62233511786,-0.09,,,,,,,0.3986,0.23011717,46.0234,-15.0742,
2015-05-17 05:10:48.079207+00:00,,,30.95,25.16,0.0324,627.45,3.92826822882,0.0,,,,,,,0.4016,0.23181641,46.3633,-12.1094,
2015-05-17 05:20:50.658410+00:00,,,30.89,25.31,0.0256,526.78,3.30935068768,-0.15,,,,,,,0.384,0.22167968,44.3359,-16.6328,
2015-05-17 05:30:48.214381+00:00,,,30.82,25.36,0.0187,431.85,2.7160614854,-0.04,,,,,,,0.3862,0.22292969,44.5859,-13.0312,
2015-05-17 05:40:48.353429+00:00,,,30.75,25.44,0.0278,558.42,3.51845944514,-0.07,20,11761.96,0.38,4.9062,11.8363,,0.3768,0.21751954,43.5039,-13.7617,1024.2539
2015-05-17 05:50:48.719177+00:00,,,30.71,25.51,0.0187,432.82,2.73137630451,16.75,,,,,,,0.2542,0.14673828,29.3477,541.4453,
2015-05-17 06:00:48.440842+00:00,,,30.66,25.51,0.0192,438.57,2.76766255226,-0.12,,,,,,,0.3696,0.21335937,42.6719,-15.1328,
2015-05-17 06:10:48.457020+00:00,,,30.61,25.53,0.0238,502.04,3.16961755415,-0.09,,,,,,,0.3535,0.20408203,40.8164,-13.7305,
2015-05-17 06:20:48.592239+00:00,,,30.57,25.57,0.0191,437.66,2.7656237974,-0.07,,,,,,,0.354,0.204375,40.875,-13.1875,
2015-05-17 06:30:48.696980+00:00,,,30.53,25.57,0.0206,456.88,2.88707718447,-0.11,,,,,,,0.352,0.2031836,40.6367,-14.1836,
2015-05-17 06:40:48.715281+00:00,,,30.46,25.59,0.0168,407.69,2.5773873136,-0.13,20,11764.71,0.42,4.9062,11.8363,,0.3394,0.1959375,39.1875,-14.4492,1024.2421
2015-05-17 06:50:50.077042+00:00,,,30.37,25.69,0.0201,451.22,2.85890786032,0.53,,,,,,,0.3297,0.19033203,38.0664,7.1797,
2015-05-17 07:00:48.691982+00:00,,,30.21,25.94,0.0207,458.54,2.92119420376,-0.07,,,,,,,0.3485,0.2011914,40.2383,-13.0156,
2015-05-17 07:10:49.496510+00:00,,,30.1,26.07,0.015,384.59,2.45694395033,-0.06,,,,,,,0.3415,0.19716796,39.4336,-12.4219,
2015-05-17 07:20:48.816513+00:00,,,29.99,26.19,0.017,409.5,2.62277100076,-0.16,,,,,,,0.3252,0.18771484,37.543,-15.1055,
2015-05-17 07:30:48.930375+00:00,,,30.08,26.16,0.019,435.84,2.7896985637,-0.12,,,,,,,0.329,0.1899414,37.9883,-13.8125,
2015-05-17 07:40:49.205999+00:00,,,30.12,26.07,0.0151,385.5,2.4627574634,-0.08,21,11741.47,0.46,4.9062,11.8363,,0.3309,0.19101562,38.2031,-12.6914,1024.2421
2015-05-17 08:11:16.552154+00:00,,,30.5,25.53,0.0327,632.65,3.99422067092,-0.11,,,,,,,0.3381,0.19519531,39.0391,-13.7578,
2015-05-17 08:21:16.535107+00:00,,,30.5,25.53,0.0183,427.04,2.69610684472,-0.02,,,,,,,0.3424,0.19765625,39.5312,-11.0312,
2015-05-17 08:31:16.658709+00:00,,,30.57,25.49,0.015,384.87,2.42769226624,-0.12,,,,,,,0.3213,0.18546875,37.0937,-13.6797,
2015-05-17 08:41:16.920755+00:00,,,30.59,25.41,0.0156,391.68,2.46620535163,-0.06,20,11747.75,0.5,4.9062,11.821,,0.3368,0.19443359,38.8867,-12.1484,1024.246
2015-05-17 08:51:16.798962+00:00,,,30.63,25.41,0.0267,542.73,3.41728868078,-0.04,,,,,,,0.326,0.18818359,37.6367,-11.0977,
2015-05-17 09:01:17.204220+00:00,,,30.67,25.34,0.0269,545.69,3.43048594264,32.36,,,,,,,0.1806,0.10425782,20.8516,1054.414,
2015-05-17 09:11:16.897354+00:00,,,30.71,25.28,0.0203,453.32,2.84591246582,-0.08,,,,,,,0.3207,0.18513671,37.0273,-12.4023,
2015-05-17 09:21:16.795291+00:00,,,30.71,25.28,0.0207,458.27,2.87698823284,-0.06,,,,,,,0.3344,0.19304686,38.6094,-12.25,
2015-05-17 09:31:17.062392+00:00,,,30.75,25.26,0.0221,478.17,3.0005486941,-0.06,,,,,,,0.3354,0.19365234,38.7305,-12.0703,
2015-05-17 09:41:17.114907+00:00,,,30.75,25.24,0.0254,523.51,3.28355814027,-0.1,20,11752.02,0.54,4.9062,11.8363,,0.3214,0.18552733,37.1055,-13.0547,1024.2539
2015-05-17 10:11:17.146023+00:00,,,30.82,25.19,0.0274,552.47,3.46122999978,-0.13,,,,,,,0.3283,0.18953125,37.9062,-14.2344,
2015-05-17 10:21:17.092369+00:00,,,30.82,25.19,0.0266,541.38,3.39175104038,-0.09,,,,,,,0.3219,0.18582031,37.1641,-12.6523,
2015-05-17 10:31:17.313935+00:00,,,30.83,25.16,0.0205,455.55,2.85205608677,-0.02,,,,,,,0.3344,0.1930664,38.6133,-10.8984,
2015-05-17 10:41:17.456336+00:00,,,30.83,25.19,0.0226,484.07,3.03270332505,-0.14,20,11741.01,0.58,4.9062,11.821,,0.3326,0.19199218,38.3984,-14.7344,1024.2421
2015-05-17 10:51:17.361302+00:00,,,30.82,25.16,0.0173,414.0,2.59192453061,-0.01,,,,,,,0.3353,0.19359375,38.7187,-10.4687,
2015-05-17 11:01:17.830488+00:00,,,30.82,25.19,0.0214,468.64,2.93603422285,18.87,,,,,,,0.203,0.11716797,23.4336,612.3945,
2015-05-17 11:11:17.393284+00:00,,,30.82,25.19,0.0197,445.17,2.78899444133,-0.1,,,,,,,0.3327,0.19205079,38.4102,-13.3359,
2015-05-17 11:21:17.562167+00:00,,,30.82,25.21,0.0212,465.84,2.91983268239,-0.16,,,,,,,0.3281,0.18939453,37.8789,-15.2305,
2015-05-17 11:31:17.485081+00:00,,,30.82,25.19,0.02,450.0,2.81925443897,-0.09,,,,,,,0.3332,0.19238281,38.4766,-13.1836,
2015-05-17 11:41:17.822302+00:00,,,30.82,25.19,0.0227,485.65,3.04260204064,-0.07,20,11734.81,0.63,4.9062,11.821,,0.3426,0.19779295,39.5586,-12.7109,1024.2539
2015-05-17 11:51:17.796596+00:00,,,30.83,25.19,0.0252,520.74,3.26244123678,-0.02,,,,,,,0.3387,0.19554687,39.1094,-11.043,
2015-05-17 12:01:18.790559+00:00,,,30.83,25.19,0.0231,491.82,3.0812571515,8.26,,,,,,,0.2679,0.15464843,30.9297,262.7031,
2015-05-17 12:11:17.628543+00:00,,,30.83,25.19,0.0275,554.67,3.47501302148,-0.05,,,,,,,0.341,0.19685546,39.3711,-12.0078,
2015-05-17 12:21:17.824032+00:00,,,30.83,25.21,0.0288,573.42,3.59413201258,-0.06,,,,,,,0.3453,0.19935546,39.8711,-12.4258,
2015-05-17 12:31:18.089778+00:00,,,30.83,25.24,0.0213,466.65,2.92692098748,-0.02,,,,,,,0.3495,0.20175781,40.3516,-11.2617,
2015-05-17 12:41:18.081893+00:00,,,30.81,25.26,0.0197,446.04,2.79893079765,-0.02,20,11747.16,0.67,4.9062,11.8363,,0.3476,0.20068359,40.1367,-11.3281,1024.2578
2015-05-17 12:51:18.132721+00:00,,,30.82,25.26,0.0303,595.21,3.73498251294,-0.11,,,,,,,0.3411,0.19691406,39.3828,-13.8867,
2015-05-17 13:01:20.303113+00:00,,,30.82,25.24,0.0294,581.87,3.64960358938,-0.03,,,,,,,0.3484,0.20113282,40.2266,-11.4062,
2015-05-17 13:11:18.204118+00:00,,,30.83,25.24,0.0246,513.13,3.21845272968,-0.08,,,,,,,0.3454,0.19941406,39.8828,-13.2539,
2015-05-17 13:21:18.139931+00:00,,,30.83,25.24,0.0261,533.89,3.34866355085,0.04,,,,,,,0.3574,0.20632812,41.2656,-9.4648,
2015-05-17 13:31:18.474091+00:00,,,30.83,25.24,0.0301,592.99,3.71935042616,-0.04,,,,,,,0.3494,0.2016992,40.3398,-11.832,
2015-05-17 13:41:18.438625+00:00,,,30.83,25.26,0.0301,592.15,3.71578080852,-0.06,20,11746.03,0.71,4.9062,11.821,,0.3467,0.20015625,40.0312,-12.4023,1024.246
2015-05-17 13:51:18.475458+00:00,,,30.82,25.28,0.0238,501.78,3.15014108599,-0.05,,,,,,,0.3537,0.20417969,40.8359,-12.3359,
2015-05-17 14:01:21.889367+00:00,,,30.82,25.28,0.0296,585.58,3.67623184889,-0.05,,,,,,,0.3556,0.20531251,41.0625,-12.5,
2015-05-17 14:11:18.533743+00:00,,,30.85,25.28,0.0257,528.48,3.31776188992,-0.09,,,,,,,0.3583,0.20687499,41.375,-13.8125,
2015-05-17 14:21:18.685206+00:00,,,30.86,25.26,0.0212,465.33,2.91997683632,-0.04,,,,,,,0.3517,0.20300781,40.6016,-12.1016,
2015-05-17 14:31:18.577738+00:00,,,30.88,25.24,0.023,490.87,3.07883361218,-0.0,,,,,,,0.3605,0.20814452,41.6289,-11.1133,
2015-05-17 14:41:18.711395+00:00,,,30.92,25.19,0.0231,490.99,3.07605719332,0.02,20,11736.53,0.75,4.9062,11.821,,0.3558,0.20539064,41.0781,-10.3164,1024.2656
2015-05-17 14:51:18.634468+00:00,,,30.93,25.19,0.0294,581.66,3.64410563772,-0.03,,,,,,,0.36,0.20785155,41.5703,-11.9219,
2015-05-17 15:01:23.731593+00:00,,,30.93,25.21,0.0331,638.08,3.99941361408,-0.0,,,,,,,0.3619,0.20894532,41.7891,-11.0859,
2015-05-17 15:11:18.703559+00:00,,,30.97,25.16,0.0316,615.73,3.854892974,0.02,,,,,,,0.362,0.20896484,41.793,-10.4102,
2015-05-17 15:21:18.978806+00:00,,,30.97,25.21,0.0267,542.62,3.4010810796,0.33,,,,,,,0.7632,0.44058594,88.1172,-12.207,
2015-05-17 15:31:19.014973+00:00,,,30.99,25.26,0.0346,661.73,4.1523999568,0.28,,,,,,,0.6385,0.36859374,73.7188,-10.1914,
2015-05-17 15:41:19.045570+00:00,,,31.04,25.19,0.0314,612.73,3.83875949421,0.19,19,11747.03,0.79,4.9062,11.8363,,0.497,0.28693361,57.3867,-8.8672,1024.246
2015-05-17 16:01:49.212213+00:00,,,31.27,25.08,0.0342,655.83,4.09836283922,0.15,,,,,,,0.499,0.28808593,57.6172,-10.2656,
2015-05-17 16:11:48.917131+00:00,,,31.29,25.14,0.0284,567.73,3.55274158055,0.27,,,,,,,0.5481,0.31640625,63.2812,-7.7383,
2015-05-17 16:21:49.122657+00:00,,,31.31,25.24,0.0334,643.26,4.03465379708,0.34,,,,,,,0.6359,0.36712889,73.4258,-8.1992,
2015-05-17 16:31:49.139777+00:00,,,31.35,25.24,0.0328,633.37,3.97262176329,0.37,,,,,,,0.748,0.43183593,86.3672,-10.6523,
2015-05-17 16:41:49.262223+00:00,,,31.41,25.39,0.0525,967.67,6.09016261587,0.48,16,11762.29,0.83,4.9062,11.821,,0.8129,0.46927733,93.8555,-8.8281,1024.2343
2015-05-17 16:51:49.105613+00:00,,,31.52,25.36,0.0439,814.75,5.12425864358,37.11,,,,,,,0.6903,0.3985156,79.7031,1200.8476,
2015-05-17 17:01:49.321516+00:00,,,31.67,25.46,0.0707,1332.64,8.40039801421,0.69,,,,,,,1.0253,0.59193363,118.3867,-8.5234,
2015-05-17 17:11:49.447687+00:00,,,31.82,25.59,0.0623,1157.2,7.31573646472,0.76,,,,,,,1.1006,0.63535156,127.0703,-8.3945,
2015-05-17 17:21:49.592361+00:00,,,31.96,25.57,0.0602,1115.26,7.0474560076,0.71,,,,,,,1.0686,0.61691403,123.3828,-9.0664,
2015-05-17 17:31:49.421923+00:00,,,32.14,25.74,0.0586,1083.32,6.87142388245,0.73,,,,,,,1.0613,0.61267576,122.5352,-8.2812,
2015-05-17 17:41:49.571250+00:00,,,32.32,25.96,0.0756,1439.92,9.1771787351,0.54,19,11756.27,0.88,4.9062,11.8516,,0.9851,0.56871089,113.7422,-12.082,1024.246
2015-05-17 17:51:49.622246+00:00,,,32.59,26.27,0.0787,1509.33,9.68331516549,22.9,,,,,,,0.8399,0.48486328,96.9727,731.0586,
2015-05-17 18:01:49.933142+00:00,,,32.85,26.57,0.0838,1626.54,10.5005483236,0.58,,,,,,,0.9795,0.56544923,113.0898,-10.6289,
2015-05-17 18:11:49.987172+00:00,,,33.21,26.87,0.109,2271.02,14.7505677795,0.5,,,,,,,0.9745,0.56259765,112.5195,-13.1758,
2015-05-17 18:21:49.828978+00:00,,,33.68,26.49,0.1041,2136.95,13.7729257551,0.42,,,,,,,0.8995,0.51925778,103.8516,-13.5391,
2015-05-17 18:31:50.263842+00:00,,,34.04,26.79,0.1114,2337.62,15.1587718447,0.51,,,,,,,0.9172,0.52947263,105.8945,-10.8672,
2015-05-17 18:41:50.530057+00:00,,,34.34,25.76,0.1085,2258.09,14.329200028,0.37,19,11932.77,0.92,4.9062,11.8516,,0.8177,0.47207031,94.4141,-12.6328,1024.2734
2015-05-17 18:51:51.041252+00:00,,,34.54,25.91,0.1106,2315.86,14.7439379256,14.53,,,,,,,0.7398,0.42710933,85.4219,461.7656,
2015-05-17 19:01:49.791141+00:00,,,34.72,26.11,0.1431,3301.7,21.1108551116,0.51,,,,,,,0.9985,0.57642579,115.2852,-13.3437,
2015-05-17 19:11:50.890549+00:00,,,34.76,26.02,0.1224,2655.21,16.9445767272,0.48,,,,,,,0.9533,0.55031251,110.0625,-12.8477,
2015-05-17 19:21:50.157325+00:00,,,34.75,25.21,0.1351,3045.53,19.0890392178,0.35,,,,,,,0.8776,0.50666017,101.332,-14.8672,
2015-05-17 19:31:50.431989+00:00,,,34.72,25.39,0.1202,2590.24,16.3020273586,1.32,,,,,,,1.1142,0.64322261,128.6445,10.1328,
2015-05-17 19:41:50.765332+00:00,,,34.63,25.08,0.104,2134.1,13.3362550283,0.52,20,11974.07,0.96,4.9062,11.8516,,0.8792,0.50753903,101.5078,-9.3594,1024.2617
2015-05-17 19:51:55.319026+00:00,,,34.53,24.96,0.0936,1864.72,11.6203359166,0.74,,,,,,,0.9139,0.52761721,105.5234,-2.9648,
2015-05-17 20:01:50.558541+00:00,,,34.43,25.21,0.0822,1589.08,9.96017456409,0.52,,,,,,,0.8726,0.50375003,100.75,-9.0352,
2015-05-17 20:11:51.298575+00:00,,,34.32,24.96,0.0877,1718.77,10.7108224095,0.39,,,,,,,0.8593,0.49605469,99.2109,-13.0195,
2015-05-17 20:21:50.456437+00:00,,,34.3,24.94,0.0747,1418.44,8.83512169991,0.33,,,,,,,0.832,0.48033199,96.0664,-14.207,
2015-05-17 20:31:50.646673+00:00,,,34.27,25.01,0.0666,1244.93,7.76707100626,0.3,,,,,,,0.827,0.4774023,95.4805,-15.0664,
2015-05-17 20:41:52.300615+00:00,,,34.31,24.68,0.0732,1386.09,8.58060100209,0.29,19,11953.29,1.0,4.9062,11.8516,,0.7979,0.46064453,92.1289,-14.4336,1024.2695
2015-05-17 21:02:33.476604+00:00,,,34.5,24.13,0.0945,1888.13,11.5322037157,0.14,,,,,,,0.7298,0.42128906,84.2578,-17.6328,
2015-05-17 21:12:33.480599+00:00,,,34.42,23.88,0.0885,1738.8,10.5532709547,0.22,,,,,,,0.6867,0.39644529,79.2891,-13.4336,
2015-05-17 21:22:33.248141+00:00,,,34.42,23.47,0.0592,1095.76,6.58014155819,0.12,,,,,,,0.6457,0.3727539,74.5508,-15.7422,
2015-05-17 21:32:34.248251+00:00,,,34.3,23.47,0.0673,1260.67,7.57044157312,0.2,,,,,,,0.6101,0.35220704,70.4414,-11.8359,
2015-05-17 21:42:33.768212+00:00,,,34.16,23.55,0.0542,1000.5,6.02073733649,0.01,20,11829.75,1.04,4.9062,11.821,,0.5598,0.32316408,64.6328,-16.6055,1024.2695
2015-05-17 21:52:33.628757+00:00,,,34.01,23.7,0.0769,1467.4,8.86496702495,15.95,,,,,,,0.556,0.32097654,64.1953,513.6758,
2015-05-17 22:02:34.328358+00:00,,,33.84,23.98,0.0629,1170.14,7.11998365737,0.13,,,,,,,0.6115,0.35300781,70.6016,-14.3555,
2015-05-17 22:12:33.698811+00:00,,,33.76,24.03,0.0816,1575.53,9.59878871244,0.11,,,,,,,0.5952,0.34363281,68.7266,-14.3516,
2015-05-17 22:22:33.724605+00:00,,,33.69,24.0,0.0743,1410.79,8.58861704533,0.17,,,,,,,0.6288,0.3630078,72.6016,-13.4883,
2015-05-17 22:32:34.566134+00:00,,,33.61,24.11,0.0644,1200.37,7.32787591231,0.15,,,,,,,0.6427,0.37101564,74.2031,-14.4453,
2015-05-17 22:42:33.887166+00:00,,,33.54,24.13,0.0615,1141.14,6.9697843624,0.08,19,11752.68,1.09,4.9062,11.8363,,0.6239,0.3601953,72.0391,-16.3984,1024.2656
2015-05-17 22:52:33.850262+00:00,,,33.49,24.03,0.0707,1331.21,8.11028893254,31.23,,,,,,,0.3771,0.21771483,43.543,1025.0859,
2015-05-17 23:02:35.258847+00:00,,,33.47,23.93,0.0736,1394.92,8.47695170613,0.05,,,,,,,0.5781,0.33375,66.75,-15.8789,
2015-05-17 23:12:34.086033+00:00,,,33.47,23.73,0.0723,1367.43,8.26742971385,0.06,,,,,,,0.5832,0.33667969,67.3359,-15.7031,
2015-05-17 23:22:34.282034+00:00,,,33.27,23.63,0.054,995.59,6.00371627294,0.05,,,,,,,0.558,0.32214844,64.4297,-15.2852,
2015-05-17 23:32:35.110657+00:00,,,33.35,23.42,0.0522,961.63,5.76705864952,-0.01,,,,,,,0.5142,0.29685546,59.3711,-15.9883,
2015-05-17 23:42:34.633260+00:00,,,33.25,23.53,0.0569,1051.87,6.32655078299,-0.02,18,11877.45,1.13,4.9062,11.8363,,0.5002,0.28876953,57.7539,-15.832,1024.2773
2015-05-17 23:52:34.173961+00:00,,,33.11,23.73,0.0504,929.63,5.62050758349,19.22,,,,,,,0.3693,0.21318359,42.6367,625.8086,
2015-05-18 00:02:35.017581+00:00,,,33.02,23.63,0.0548,1010.75,6.09513577162,0.07,,,,,,,0.4938,0.28505859,57.0117,-12.6953,
2015-05-18 00:12:35.188001+00:00,,,32.92,23.7,0.0647,1206.07,7.28620061318,0.0,,,,,,,0.4903,0.28302736,56.6055,-14.8672,
2015-05-18 00:22:34.822619+00:00,,,32.88,23.53,0.0636,1184.52,7.12438412871,-0.02,,,,,,,0.4842,0.27955079,55.9102,-15.3906,
2015-05-18 00:32:35.050227+00:00,,,32.73,23.6,0.0793,1521.81,9.16981548559,0.03,,,,,,,0.4897,0.28269531,56.5391,-13.7734,
2015-05-18 00:42:35.267062+00:00,,,32.61,23.63,0.0847,1648.12,9.93867441794,0.03,19,11779.58,1.17,4.9062,11.8363,,0.5017,0.28962888,57.9258,-14.1562,1024.2617
2015-05-18 00:52:36.759632+00:00,,,32.48,23.65,0.082,1584.14,9.5578247147,13.4,,,,,,,0.3734,0.21556642,43.1133,431.7422,
2015-05-18 01:02:35.260954+00:00,,,32.39,23.67,0.0637,1186.02,7.15950545784,0.15,,,,,,,0.5077,0.2930664,58.6133,-10.4336,
