DATE,START_HOUR,W_ERRORS,W_N,W_AVG,W_MED,W_MIN,W_MAX,W_RANGE,W_STDEV,B_HOUR,B_24CHANGE,
03/26/2012,13,,1333,0.00629857,0.005,0.002,0.026,0.024,0.00260405,
03/26/2012,14,,715,0.00372867,0.003,0.001,0.013,0.012,0.0015606,
03/27/2012,11,,3580,0.00847765,0.006,0.002,0.092,0.09,0.00621665,
03/30/2011,16,,1143,0.0075958,0.007,0.005,0.071,0.066,0.00263785,
03/31/2011,16,,1628,0.0136757,0.013,0.008,0.203,0.195,0.00929951,
04/01/2011,15,,809,0.015398,0.015,0.012,0.034,0.022,0.00205362,
04/02/2011,11,,3580,0.0185469,0.018,0.013,0.097,0.084,0.00421029,
12/08/2011,13,,3580,0.0685941,0.069,0.039,0.256,0.217,0.0121276,
04/05/2011,16,,3580,0.0141838,0.013,0.008,0.069,0.061,0.00439944,
04/05/2012,11,,2374,0.00415333,0.003,0.001,0.403,0.402,0.0124751,
04/06/2011,15,,3197,0.012076,0.012,0.007,0.053,0.046,0.00281482,
04/06/2012,11,,2607,0.00535098,0.005,0.003,0.047,0.044,0.00178149,
04/07/2011,15,,2491,0.00738539,0.007,0.002,0.027,0.025,0.00199478,
04/10/2015,15,,2725,0.00514642,0.005,0.002,0.053,0.051,0.00195327,
04/11/2011,14,,3091,0.0204196,0.020,0.014,0.082,0.068,0.00331983,
04/11/2015,15,,3143,0.00507636,0.005,0.000,0.081,0.081,0.00232868,
04/12/2012,13,,2710,0.00592841,0.006,0.002,0.055,0.053,0.00211008,
04/13/2012,14,,2898,0.0049196,0.005,0.002,0.021,0.019,0.00120504,
04/17/2012,15,,2680,0.0025056,0.002,0.001,0.034,0.033,0.0018102,
04/18/2012,13,,1605,0.0149433,0.014,0.010,0.118,0.108,0.00423219,
04/18/2012,14,,1806,0.0140908,0.014,0.010,0.030,0.02,0.0017876,
04/18/2012,13,,1616,0.0103651,0.01,0.007,0.035,0.028,0.00190923,
04/18/2012,14,,1776,0.0100602,0.009,0.003,0.200,0.197,0.00629477,
04/19/2011,24,,507,0.0380966,0.040,0.008,0.072,0.064,0.00927194,
04/20/2011,11,,1792,0.0188555,0.017,0.014,0.060,0.046,0.00584527,
04/23/2012,13,,1442,0.00778294,0.007,0.004,0.018,0.014,0.0024923,
04/23/2012,13,,1623,0.0060382,0.005,0.002,0.181,0.179,0.00755965,
04/23/2012,14,,2056,0.00340175,0.003,0.000,0.043,0.043,0.00325506,
04/27/2011,16,,3060,0.0111605,0.011,0.007,0.046,0.039,0.00222642,
04/30/2012,13,,1631,0.0206481,0.021,0.014,0.064,0.05,0.00344778,
04/30/2012,14,,1448,0.0167127,0.017,0.012,0.025,0.013,0.00151523,
04/30/2012,13,,1483,0.0162077,0.016,0.010,0.028,0.018,0.00273017,
04/30/2012,14,,1563,0.0103231,0.010,0.006,0.019,0.013,0.00126669,
05/04/2012,14,,2776,0.00792976,0.008,0.003,0.081,0.078,0.00277217,
05/08/2012,15,,2933,0.00012956,0.000,0.000,0.024,0.024,0.000877954,
05/17/2011,14,,3580,0.00822514,0.008,0.004,0.030,0.026,0.00194092,
05/18/2011,14,,3580,0.00519581,0.005,0.003,0.042,0.039,0.00140964,
05/19/2011,15,,3580,0.0199433,0.019,0.014,0.192,0.178,0.00547517,
05/19/2015,14,,2087,0.0199262,0.019,0.010,0.546,0.536,0.0141079,
05/23/2011,14,,3580,0.0147416,0.014,0.011,0.170,0.159,0.00391259,
05/24/2011,13,,3036,0.0144111,0.014,0.009,0.051,0.042,0.00308749,
05/25/2011,11,,2577,0.0157284,0.016,0.006,0.077,0.071,0.00396286,
05/30/2012,11,,3580,0.0176433,0.018,0.006,0.062,0.056,0.00395355,
06/01/2011,13,,2812,0.00334815,0.003,0.001,0.186,0.185,0.00407173,
06/01/2011,16,,2913,0.00424717,0.004,0.001,0.122,0.121,0.00326336,
06/07/2011,24,,2391,0.0144153,0.014,0.011,0.031,0.02,0.00160256,
04/05/2011,16,,3580,0.0141838,0.013,0.008,0.069,0.061,0.00439944,
06/09/2011,11,,2915,0.0192518,0.019,0.015,0.237,0.222,0.00616278,
06/10/2011,14,,3167,0.0225759,0.022,0.018,0.114,0.096,0.0037589,
06/13/2011,13,,3580,0.00895782,0.009,0.006,0.051,0.045,0.00175771,
06/05/2012,13,,2872,0.00594046,0.006,0.003,0.016,0.013,0.00164385,
06/07/2011,24,,2391,0.0144153,0.014,0.011,0.031,0.02,0.00160256,
04/05/2011,16,,3580,0.0141838,0.013,0.008,0.069,0.061,0.00439944,
06/09/2011,11,,2915,0.0192518,0.019,0.015,0.237,0.222,0.00616278,
06/10/2011,14,,3167,0.0225759,0.022,0.018,0.114,0.096,0.0037589,
06/13/2011,13,,3580,0.00895782,0.009,0.006,0.051,0.045,0.00175771,
06/14/2011,11,,3316,0.0238978,0.024,0.018,0.100,0.082,0.00363406,
06/14/2011,13,,3580,0.0202039,0.02,0.010,0.074,0.064,0.00518806,
06/14/2012,10,,3580,0.0279279,0.027,0.015,0.130,0.115,0.00486733,
06/15/2011,24,,2897,0.0287287,0.028,0.022,0.064,0.042,0.00327113,
06/16/2011,13,,3057,0.0247687,0.025,0.018,0.051,0.033,0.00234074,
06/17/2011,13,,3580,0.0190687,0.019,0.013,0.065,0.052,0.00258017,
06/18/2012,11,,3580,0.00796313,0.007,0.005,0.059,0.054,0.00291083,
06/20/2011,24,,3358,0.0223303,0.021,0.013,0.107,0.094,0.00546075,
06/21/2011,24,,3580,0.0198816,0.02,0.012,0.060,0.048,0.00254357,
06/22/2011,13,,3580,0.0192332,0.018,0.015,0.247,0.232,0.00769256,
06/22/2012,11,,3405,0.00443583,0.004,0.002,0.098,0.096,0.00433634,
06/23/2011,14,,3474,0.0144159,0.013,0.007,0.135,0.128,0.00583712,
06/23/2011,14,,2805,0.0175561,0.017,0.012,0.115,0.103,0.00355082,
06/24/2011,11,,3580,0.0195989,0.019,0.014,0.142,0.128,0.00502207,
06/25/2012,14,,3580,0.00494497,0.005,0.002,0.043,0.041,0.00192703,
06/26/2012,14,,3550,0.0048662,0.005,0.002,0.031,0.029,0.00169568,
06/27/2012,10,,3348,0.0141249,0.014,0.010,0.060,0.05,0.00266285,
06/28/2012,24,,3244,0.0105885,0.01,0.007,0.051,0.044,0.0021029,
06/29/2011,13,,3495,0.00404378,0.003,0.001,0.047,0.046,0.00283975,
06/29/2012,13,,3580,0.0888913,0.008,0.006,17.5,17.494,0.716493,
06/30/2011,13,,3081,0.018508,0.018,0.014,0.099,0.085,0.00279704,
07/05/2011,24,,3529,0.0208773,0.020,0.016,0.087,0.071,0.00393111,
07/06/2011,14,,1679,0.012028,0.011,0.005,0.221,0.216,0.00587652,
07/06/2011,16,,3243,0.0153451,0.014,0.012,0.191,0.179,0.00558037,
07/07/2011,13,,3580,0.014924,0.014,0.009,0.191,0.182,0.00806609,
07/07/2011,13,,3580,0.0286369,0.027,0.024,1.65,1.626,0.0339485,
07/07/2011,13,,3580,0.0138229,0.013,0.000,0.047,0.047,0.00420646,
07/03/2010,16,,2089,0.0292628,0.028,0.020,0.111,0.091,0.00451447,
07/05/2010,14,,1378,0.0365646,0.016,0.011,4.55,4.539,0.183082,
06/29/2010,16,,3580,0.0227042,0.022,0.016,0.219,0.203,0.00554443,
06/16/2010,19,,3580,0.0550584,0.027,0.012,27.9,27.888,0.524222,
07/11/2011,13,,3580,0.00916006,0.008,0.000,0.441,0.441,0.010761,
07/11/2011,13,,3580,0.00958408,0.008,0.000,0.095,0.095,0.00486073,
07/11/2011,13,,3580,0.00589944,0.005,0.003,0.103,0.1,0.00302779,
07/12/2011,11,,3498,0.0128511,0.012,0.009,0.071,0.062,0.00341269,
07/12/2011,13,,3580,0.0175047,0.017,0.000,0.165,0.165,0.00571348,
07/12/2011,11,,2906,0.012277,0.012,0.009,0.046,0.037,0.00209003,
07/12/2011,13,,3580,0.0153888,0.015,0.010,0.040,0.03,0.00284314,
07/12/2011,13,,3580,0.0126408,0.012,0.008,0.059,0.051,0.00302513,
07/12/2012,15,,849,0.0268822,0.026,0.021,0.107,0.086,0.00437901,
07/12/2012,15,,991,0.0225701,0.022,0.008,0.048,0.04,0.00247549,
07/13/2011,13,,3580,0.0143212,0.013,0.008,0.434,0.426,0.0149951,
07/13/2011,13,,3580,0.0152877,0.015,0.007,0.415,0.408,0.0128383,
07/13/2011,13,,3580,0.00889832,0.009,0.000,0.239,0.239,0.00785652,
07/17/2012,15,,3580,0.0464196,0.035,0.002,0.169,0.167,0.0413043,
07/17/2012,14,,3580,0.00947542,0.008,0.002,0.210,0.208,0.0068137,
07/17/2012,14,,3580,0.0127073,0.007,0.000,3.26,3.26,0.0709776,
07/17/2012,16,,1488,0.00712567,0.002,0.000,0.026,0.026,0.00765105,
07/18/2011,13,,3580,0.00839078,0.007,0.002,0.057,0.055,0.00408753,
07/18/2011,15,,3,0.00633333,0.006,0.006,0.007,0.001,0.000471405,
07/18/2011,13,,3540,0.0041113,0.004,0.001,0.055,0.054,0.00252435,
07/18/2012,14,,3580,0.00993547,0.01,0.001,0.152,0.151,0.00552754,
07/18/2012,14,,3580,0.0130131,0.012,0.005,0.104,0.099,0.00674968,
07/18/2012,14,,3580,0.0350598,0.024,0.000,0.171,0.171,0.0363375,
07/19/2012,14,,3580,0.0400296,0.025,0.004,0.199,0.195,0.0411649,
07/19/2012,14,,3580,0.0106623,0.01,0.002,0.062,0.06,0.0038458,
07/19/2012,14,,3580,0.0147349,0.013,0.003,0.532,0.529,0.0193133,
07/20/2011,15,,3056,0.0179319,0.016,0.012,0.483,0.471,0.0177107,
07/20/2011,13,,3580,0.0207511,0.02,0.000,0.082,0.082,0.0062435,
07/20/2011,13,,3580,0.0174955,0.016,0.010,0.310,0.3,0.00853388,
07/21/2011,14,,3002,0.0142408,0.014,0.010,0.038,0.028,0.00251026,
07/21/2011,14,,3432,0.0106396,0.01,0.007,0.034,0.027,0.00189429,
07/23/2012,15,,3580,0.0444779,0.032,0.013,0.194,0.181,0.0291827,
07/23/2012,14,,3580,0.0230844,0.025,0.009,0.666,0.657,0.0149551,
07/23/2012,14,,3580,0.0225989,0.022,0.009,0.365,0.356,0.011483,
07/25/2011,13,,2855,0.00864413,0.008,0.006,0.235,0.229,0.00627475,
07/26/2011,11,,3580,0.00491955,0.004,0.000,0.112,0.112,0.00374833,
08/02/2011,10,,2751,0.0143599,0.014,0.006,0.037,0.031,0.00251291,
08/02/2011,10,,3580,0.0120321,0.012,0.006,0.061,0.055,0.00419301,
08/04/2011,24,,2613,0.00477535,0.004,0.002,0.107,0.105,0.00329986,
08/04/2011,11,,3561,0.0117666,0.003,0.000,0.781,0.781,0.0418762,
08/21/2012,16,,3580,0.0238927,0.022,0.014,0.150,0.136,0.00739872,
08/21/2012,16,,2822,0.0254213,0.025,0.017,0.069,0.052,0.00497855,
08/22/2012,10,,3580,0.014264,0.012,0.004,0.948,0.944,0.0213553,
08/23/2012,11,,3247,0.0247164,0.025,0.014,0.057,0.043,0.00454989,
08/25/2012,24,,3580,0.0472721,0.028,0.016,0.460,0.444,0.0470736,
08/27/2012,11,,3580,0.0217969,0.02,0.010,0.300,0.29,0.0102489,
08/29/2012,09,,2646,0.0309649,0.03,0.017,0.062,0.045,0.0044364,
08/30/2011,10,,3060,0.0169876,0.016,0.002,0.195,0.193,0.00996578,
08/30/2011,10,,3580,0.0159391,0.015,0.002,0.141,0.139,0.00570315,
08/30/2012,11,,3580,0.0234936,0.021,0.016,0.071,0.055,0.00727429,
08/30/2012,10,,2511,0.0208192,0.020,0.016,0.047,0.031,0.00309313,
09/05/2012,09,,2521,0.0342753,0.034,0.028,0.084,0.056,0.00344579,
09/06/2012,24,,2419,0.0256995,0.025,0.020,0.259,0.239,0.00678478,
09/12/2012,24,,2770,0.0175563,0.017,0.007,0.055,0.048,0.00300755,
09/12/2012,10,,3580,0.017081,0.015,0.009,0.175,0.166,0.00700795,
09/13/2011,10,,2970,0.0277791,0.027,0.023,0.102,0.079,0.00274488,
08/23/2011,11,,3580,0.0226265,0.023,0.002,0.118,0.116,0.00432292,
09/16/2011,14,,3508,0.0353683,0.02,0.015,21.6,21.585,0.422147,
09/20/2011,24,,3515,0.0197201,0.019,0.014,0.224,0.21,0.00508579,
09/20/2011,24,,3580,0.0171282,0.015,0.011,0.097,0.086,0.010879,
09/22/2010,15,,3580,0.0157307,0.013,0.010,1.39,1.38,0.0352387,
09/22/2011,10,,2657,0.0458991,0.048,0.019,0.083,0.064,0.00646321,
09/22/2011,10,,3466,0.0309709,0.034,0.000,0.320,0.32,0.0117631,
09/26/2012,10,,3019,0.0401862,0.040,0.015,1.49,1.475,0.0330308,
09/27/2011,10,,2964,0.0140557,0.013,0.009,0.075,0.066,0.00410119,
09/27/2011,13,,3580,0.015667,0.015,0.009,0.074,0.065,0.00500428,
09/27/2011,10,,3580,0.0248151,0.011,0.000,0.213,0.213,0.046715,
09/29/2011,09,,3008,0.00894215,0.009,0.005,0.154,0.149,0.00470132,
09/29/2011,10,,3580,0.00615698,0.006,0.000,0.876,0.876,0.0217475,
10/01/2012,09,,2608,0.0368106,0.036,0.023,0.108,0.085,0.00437437,
10/02/2012,13,,3079,0.0339886,0.034,0.028,0.096,0.068,0.00354027,
10/02/2012,16,,2634,0.0568573,0.03,0.024,29.3,29.276,0.713121,
10/03/2012,10,,3256,0.0398228,0.041,0.020,0.097,0.077,0.0065713,
10/03/2012,15,,3295,0.00239818,0.000,0.000,0.221,0.221,0.00986845,
10/04/2012,24,,3580,0.0168413,0.016,0.012,0.037,0.025,0.00260392,
04/10/2013,11,,3332,0.0087479,0.008,0.001,0.094,0.093,0.00605691,
10/06/2011,11,,2682,0.00752573,0.007,0.001,0.068,0.067,0.00432398,
10/07/2011,11,,2649,0.0202431,0.018,0.007,0.455,0.448,0.019833,
10/07/2011,11,,3580,0.014664,0.013,0.003,0.181,0.178,0.0122127,
10/08/2011,13,,3580,0.0211302,0.019,0.000,4.70,4.7,0.103127,
10/09/2012,24,,3580,0.0165522,0.011,0.006,2.82,2.814,0.0593797,
10/11/2011,24,,3489,0.0115993,0.010,0.001,6.15,6.149,0.13288,
10/11/2011,24,,3398,0.00981931,0.011,0.002,0.676,0.674,0.01666,
10/12/2010,17,,3580,0.0251821,0.025,0.019,0.089,0.07,0.00359023,
10/12/2010,17,,3580,0.0225508,0.022,0.014,0.230,0.216,0.00612262,
10/13/2011,24,,1677,0.0318801,0.032,0.020,0.045,0.025,0.00302769,
10/13/2011,24,,1667,0.0263077,0.026,0.015,0.046,0.031,0.00277394,
10/13/2012,13,,2979,0.00107788,0.000,0.000,0.264,0.264,0.00831597,
09/22/2010,15,,3580,0.0157307,0.013,0.010,1.39,1.38,0.0352387,
10/06/2010,15,,3580,0.0205047,0.02,0.015,0.140,0.125,0.00531181,
10/12/2010,17,,3580,0.0251821,0.025,0.019,0.089,0.07,0.00359023,
10/13/2010,16,,3580,0.0172296,0.016,0.012,0.072,0.06,0.00491922,
10/14/2010,17,,3580,0.023086,0.023,0.020,0.057,0.037,0.00220813,
10/14/2011,11,,3487,0.0395721,0.040,0.024,0.095,0.071,0.00632727,
10/15/2012,16,,3580,0.0389916,0.012,0.000,4.52,4.52,0.21192,
10/19/2010,16,,2270,0.0593361,0.059,0.040,0.098,0.058,0.00440107,
10/19/2010,16,,2200,0.0587318,0.058,0.040,0.069,0.029,0.00325979,
10/20/2010,15,,3580,0.0319156,0.031,0.025,0.182,0.157,0.00802487,
10/26/2010,14,,3580,0.00924218,0.007,0.004,0.043,0.039,0.00639822,
10/26/2010,16,,3580,0.0117249,0.011,0.007,0.043,0.036,0.00333334,
10/26/2010,14,,3580,0.00761341,0.006,0.003,0.458,0.455,0.0109602,
10/26/2010,16,,3580,0.00853687,0.008,0.002,0.027,0.025,0.00299236,
10/27/2010,09,,3580,0.0100385,0.01,0.005,0.035,0.03,0.00140596,
10/27/2010,24,,3580,0.0118528,0.012,0.010,0.041,0.031,0.00155364,
10/27/2010,14,,3580,0.0165198,0.016,0.012,0.096,0.084,0.00541856,
10/27/2010,09,,3580,0.0101372,0.01,0.004,0.041,0.037,0.00152829,
10/27/2010,24,,3580,0.0101073,0.01,0.007,0.074,0.067,0.00203838,
10/27/2010,14,,3580,0.0137073,0.013,0.009,0.100,0.091,0.00540172,
10/31/2012,24,,3379,0.00820687,0.008,0.001,0.080,0.079,0.00550849,
11/03/2010,14,,2562,0.0480375,0.05,0.017,0.066,0.049,0.00978976,
11/05/2012,09,,2784,0.0410266,0.041,0.014,0.092,0.078,0.0049033,
11/06/2012,11,,2736,0.0769942,0.0775,0.025,0.128,0.103,0.00792997,
11/07/2012,10,,2894,0.0434534,0.043,0.010,0.350,0.34,0.0110378,
11/10/2011,24,,3580,0.0472486,0.0535,0.013,1.69,1.677,0.0428553,
11/14/2012,10,,3580,0.0298897,0.028,0.021,0.094,0.073,0.00569415,
11/16/2010,10,,3580,0.0101369,0.01,0.007,0.053,0.046,0.00208566,
11/16/2010,09,,3580,0.0107855,0.011,0.007,0.036,0.029,0.00218279,
11/17/2011,13,,3580,0.00527793,0.003,0.000,0.050,0.05,0.00897465,
11/19/2012,11,,2849,0.00638786,0.006,0.003,0.042,0.039,0.00229918,
11/23/2011,24,,3580,0.00942626,0.008,0.001,0.093,0.092,0.00543493,
11/25/2011,16,,1750,0.0186931,0.019,0.008,0.038,0.03,0.0025067,
01/07/2012,13,,2528,0.000837421,0.001,0.000,0.032,0.032,0.00123475,
12/03/2012,11,,3422,0.0377788,0.037,0.019,0.210,0.191,0.00793224,
12/07/2011,13,,2891,0.0744161,0.074,0.041,0.208,0.167,0.00619627,
12/08/2011,13,,3580,0.0685941,0.069,0.039,0.256,0.217,0.0121276,
12/09/2011,13,,3222,0.0881207,0.089,0.033,0.328,0.295,0.0107224,
12/10/2012,13,,3580,0.0130573,0.014,0.005,0.028,0.023,0.00316781,
12/13/2011,15,,3247,0.0268894,0.026,0.019,0.105,0.086,0.00436794,
12/14/2011,24,,3167,0.0667427,0.061,0.041,1.56,1.519,0.0530746,
12/15/2011,11,,2957,0.0175681,0.019,0.008,0.134,0.126,0.00711924,
12/17/2012,14,,3580,0.0138592,0.013,0.003,0.121,0.118,0.00412754,
12/19/2012,13,,3580,0.00909078,0.004,0.002,1.34,1.338,0.0562337,
12/20/2011,15,,3580,0.0390732,0.039,0.023,0.079,0.056,0.00439517,
12/21/2011,11,,2944,0.0790832,0.076,0.027,0.515,0.488,0.0237101,
12/22/2011,11,,3306,0.00296794,0.002,0.000,0.145,0.145,0.00565741,
12/23/2011,11,,3431,0.034545,0.035,0.019,0.282,0.263,0.0101975,
12/26/2011,14,,3170,0.0425543,0.043,0.031,0.058,0.027,0.00403983,
12/27/2011,24,,3580,0.0335416,0.035,0.019,0.072,0.053,0.00731438,
12/28/2011,14,,3092,0.0153719,0.015,0.010,0.055,0.045,0.00301957,
10/18/2011,24,,2493,0.0176398,0.017,0.009,0.092,0.083,0.00429855,
10/18/2011,24,,3580,0.0165869,0.014,0.000,0.095,0.095,0.0143905,
12/18/2012,14,,3580,0.00643492,0.005,0.000,1.61,1.61,0.033221,
01/19/2012,14,,2706,0.035888,0.036,0.010,0.076,0.066,0.00516952,
10/20/2011,10,,3347,0.0274733,0.027,0.019,0.607,0.588,0.0119961,
10/20/2011,24,,3109,0.0234535,0.023,0.018,0.039,0.021,0.00224708,
10/20/2011,10,,3580,0.0212173,0.021,0.009,0.077,0.068,0.00296492,
12/20/2012,24,,2936,0.00829394,0.007,0.004,0.071,0.067,0.00369814,
01/21/2012,13,,2946,0.00732179,0.007,0.002,0.024,0.022,0.00171501,
10/25/2011,13,,3580,0.0243385,0.024,0.017,0.048,0.031,0.00347713,
09/29/2011,09,,8,0.009125,0.009,0.007,0.011,0.004,0.00136359,
01/27/2012,16,,2758,0.0152806,0.015,0.008,0.142,0.134,0.00463625,
01/31/2012,13,,3095,0.0177499,0.018,0.010,0.031,0.021,0.00257717,
03/26/2012,13,,1333,0.00629857,0.005,0.002,0.026,0.024,0.00260405,
03/26/2012,14,,715,0.00372867,0.003,0.001,0.013,0.012,0.0015606,
03/27/2012,11,,3580,0.00847765,0.006,0.002,0.092,0.09,0.00621665,
03/30/2011,16,,1143,0.0075958,0.007,0.005,0.071,0.066,0.00263785,
03/31/2011,16,,1628,0.0136757,0.013,0.008,0.203,0.195,0.00929951,
04/01/2011,15,,809,0.015398,0.015,0.012,0.034,0.022,0.00205362,
04/02/2011,11,,3580,0.0185469,0.018,0.013,0.097,0.084,0.00421029,
12/08/2011,13,,3580,0.0685941,0.069,0.039,0.256,0.217,0.0121276,
04/05/2011,16,,3580,0.0141838,0.013,0.008,0.069,0.061,0.00439944,
04/05/2012,11,,2374,0.00415333,0.003,0.001,0.403,0.402,0.0124751,
04/06/2011,15,,3197,0.012076,0.012,0.007,0.053,0.046,0.00281482,
04/06/2012,11,,2607,0.00535098,0.005,0.003,0.047,0.044,0.00178149,
04/07/2011,15,,2491,0.00738539,0.007,0.002,0.027,0.025,0.00199478,
04/10/2015,15,,2725,0.00514642,0.005,0.002,0.053,0.051,0.00195327,
04/11/2011,14,,3091,0.0204196,0.020,0.014,0.082,0.068,0.00331983,
04/11/2015,15,,3143,0.00507636,0.005,0.000,0.081,0.081,0.00232868,
04/12/2012,13,,2710,0.00592841,0.006,0.002,0.055,0.053,0.00211008,
04/13/2012,14,,2898,0.0049196,0.005,0.002,0.021,0.019,0.00120504,
04/17/2012,15,,2680,0.0025056,0.002,0.001,0.034,0.033,0.0018102,
04/18/2012,13,,1605,0.0149433,0.014,0.010,0.118,0.108,0.00423219,
04/18/2012,14,,1806,0.0140908,0.014,0.010,0.030,0.02,0.0017876,
04/18/2012,13,,1616,0.0103651,0.01,0.007,0.035,0.028,0.00190923,
04/18/2012,14,,1776,0.0100602,0.009,0.003,0.200,0.197,0.00629477,
04/19/2011,24,,507,0.0380966,0.040,0.008,0.072,0.064,0.00927194,
04/20/2011,11,,1792,0.0188555,0.017,0.014,0.060,0.046,0.00584527,
04/23/2012,13,,1442,0.00778294,0.007,0.004,0.018,0.014,0.0024923,
04/23/2012,13,,1623,0.0060382,0.005,0.002,0.181,0.179,0.00755965,
04/23/2012,14,,2056,0.00340175,0.003,0.000,0.043,0.043,0.00325506,
04/27/2011,16,,3060,0.0111605,0.011,0.007,0.046,0.039,0.00222642,
04/30/2012,13,,1631,0.0206481,0.021,0.014,0.064,0.05,0.00344778,
04/30/2012,14,,1448,0.0167127,0.017,0.012,0.025,0.013,0.00151523,
04/30/2012,13,,1483,0.0162077,0.016,0.010,0.028,0.018,0.00273017,
04/30/2012,14,,1563,0.0103231,0.010,0.006,0.019,0.013,0.00126669,
05/04/2012,14,,2776,0.00792976,0.008,0.003,0.081,0.078,0.00277217,
05/08/2012,15,,2933,0.00012956,0.000,0.000,0.024,0.024,0.000877954,
05/17/2011,14,,3580,0.00822514,0.008,0.004,0.030,0.026,0.00194092,
05/18/2011,14,,3580,0.00519581,0.005,0.003,0.042,0.039,0.00140964,
05/19/2011,15,,3580,0.0199433,0.019,0.014,0.192,0.178,0.00547517,
05/19/2015,14,,2087,0.0199262,0.019,0.010,0.546,0.536,0.0141079,
05/23/2011,14,,3580,0.0147416,0.014,0.011,0.170,0.159,0.00391259,
05/24/2011,13,,3036,0.0144111,0.014,0.009,0.051,0.042,0.00308749,
05/25/2011,11,,2577,0.0157284,0.016,0.006,0.077,0.071,0.00396286,
05/30/2012,11,,3580,0.0176433,0.018,0.006,0.062,0.056,0.00395355,
06/01/2011,13,,2812,0.00334815,0.003,0.001,0.186,0.185,0.00407173,
06/01/2011,16,,2913,0.00424717,0.004,0.001,0.122,0.121,0.00326336,
06/07/2011,24,,2391,0.0144153,0.014,0.011,0.031,0.02,0.00160256,
04/05/2011,16,,3580,0.0141838,0.013,0.008,0.069,0.061,0.00439944,
06/09/2011,11,,2915,0.0192518,0.019,0.015,0.237,0.222,0.00616278,
06/10/2011,14,,3167,0.0225759,0.022,0.018,0.114,0.096,0.0037589,
06/13/2011,13,,3580,0.00895782,0.009,0.006,0.051,0.045,0.00175771,
06/05/2012,13,,2872,0.00594046,0.006,0.003,0.016,0.013,0.00164385,
06/07/2011,24,,2391,0.0144153,0.014,0.011,0.031,0.02,0.00160256,
04/05/2011,16,,3580,0.0141838,0.013,0.008,0.069,0.061,0.00439944,
06/09/2011,11,,2915,0.0192518,0.019,0.015,0.237,0.222,0.00616278,
06/10/2011,14,,3167,0.0225759,0.022,0.018,0.114,0.096,0.0037589,
06/13/2011,13,,3580,0.00895782,0.009,0.006,0.051,0.045,0.00175771,
06/14/2011,11,,3316,0.0238978,0.024,0.018,0.100,0.082,0.00363406,
06/14/2011,13,,3580,0.0202039,0.02,0.010,0.074,0.064,0.00518806,
06/14/2012,10,,3580,0.0279279,0.027,0.015,0.130,0.115,0.00486733,
06/15/2011,24,,2897,0.0287287,0.028,0.022,0.064,0.042,0.00327113,
06/16/2011,13,,3057,0.0247687,0.025,0.018,0.051,0.033,0.00234074,
06/17/2011,13,,3580,0.0190687,0.019,0.013,0.065,0.052,0.00258017,
06/18/2012,11,,3580,0.00796313,0.007,0.005,0.059,0.054,0.00291083,
06/20/2011,24,,3358,0.0223303,0.021,0.013,0.107,0.094,0.00546075,
06/21/2011,24,,3580,0.0198816,0.02,0.012,0.060,0.048,0.00254357,
06/22/2011,13,,3580,0.0192332,0.018,0.015,0.247,0.232,0.00769256,
06/22/2012,11,,3405,0.00443583,0.004,0.002,0.098,0.096,0.00433634,
06/23/2011,14,,3474,0.0144159,0.013,0.007,0.135,0.128,0.00583712,
06/23/2011,14,,2805,0.0175561,0.017,0.012,0.115,0.103,0.00355082,
06/24/2011,11,,3580,0.0195989,0.019,0.014,0.142,0.128,0.00502207,
06/25/2012,14,,3580,0.00494497,0.005,0.002,0.043,0.041,0.00192703,
06/26/2012,14,,3550,0.0048662,0.005,0.002,0.031,0.029,0.00169568,
06/27/2012,10,,3348,0.0141249,0.014,0.010,0.060,0.05,0.00266285,
06/28/2012,24,,3244,0.0105885,0.01,0.007,0.051,0.044,0.0021029,
06/29/2011,13,,3495,0.00404378,0.003,0.001,0.047,0.046,0.00283975,
06/29/2012,13,,3580,0.0888913,0.008,0.006,17.5,17.494,0.716493,
06/30/2011,13,,3081,0.018508,0.018,0.014,0.099,0.085,0.00279704,
07/05/2011,24,,3529,0.0208773,0.020,0.016,0.087,0.071,0.00393111,
07/06/2011,14,,1679,0.012028,0.011,0.005,0.221,0.216,0.00587652,
07/06/2011,16,,3243,0.0153451,0.014,0.012,0.191,0.179,0.00558037,
07/07/2011,13,,3580,0.014924,0.014,0.009,0.191,0.182,0.00806609,
07/07/2011,13,,3580,0.0286369,0.027,0.024,1.65,1.626,0.0339485,
07/07/2011,13,,3580,0.0138229,0.013,0.000,0.047,0.047,0.00420646,
07/03/2010,16,,2089,0.0292628,0.028,0.020,0.111,0.091,0.00451447,
07/05/2010,14,,1378,0.0365646,0.016,0.011,4.55,4.539,0.183082,
06/29/2010,16,,3580,0.0227042,0.022,0.016,0.219,0.203,0.00554443,
06/16/2010,19,,3580,0.0550584,0.027,0.012,27.9,27.888,0.524222,
07/11/2011,13,,3580,0.00916006,0.008,0.000,0.441,0.441,0.010761,
07/11/2011,13,,3580,0.00958408,0.008,0.000,0.095,0.095,0.00486073,
07/11/2011,13,,3580,0.00589944,0.005,0.003,0.103,0.1,0.00302779,
07/12/2011,11,,3498,0.0128511,0.012,0.009,0.071,0.062,0.00341269,
07/12/2011,13,,3580,0.0175047,0.017,0.000,0.165,0.165,0.00571348,
07/12/2011,11,,2906,0.012277,0.012,0.009,0.046,0.037,0.00209003,
07/12/2011,13,,3580,0.0153888,0.015,0.010,0.040,0.03,0.00284314,
07/12/2011,13,,3580,0.0126408,0.012,0.008,0.059,0.051,0.00302513,
07/12/2012,15,,849,0.0268822,0.026,0.021,0.107,0.086,0.00437901,
07/12/2012,15,,991,0.0225701,0.022,0.008,0.048,0.04,0.00247549,
07/13/2011,13,,3580,0.0143212,0.013,0.008,0.434,0.426,0.0149951,
07/13/2011,13,,3580,0.0152877,0.015,0.007,0.415,0.408,0.0128383,
07/13/2011,13,,3580,0.00889832,0.009,0.000,0.239,0.239,0.00785652,
07/17/2012,15,,3580,0.0464196,0.035,0.002,0.169,0.167,0.0413043,
07/17/2012,14,,3580,0.00947542,0.008,0.002,0.210,0.208,0.0068137,
07/17/2012,14,,3580,0.0127073,0.007,0.000,3.26,3.26,0.0709776,
07/17/2012,16,,1488,0.00712567,0.002,0.000,0.026,0.026,0.00765105,
07/18/2011,13,,3580,0.00839078,0.007,0.002,0.057,0.055,0.00408753,
07/18/2011,15,,3,0.00633333,0.006,0.006,0.007,0.001,0.000471405,
07/18/2011,13,,3540,0.0041113,0.004,0.001,0.055,0.054,0.00252435,
07/18/2012,14,,3580,0.00993547,0.01,0.001,0.152,0.151,0.00552754,
07/18/2012,14,,3580,0.0130131,0.012,0.005,0.104,0.099,0.00674968,
07/18/2012,14,,3580,0.0350598,0.024,0.000,0.171,0.171,0.0363375,
07/19/2012,14,,3580,0.0400296,0.025,0.004,0.199,0.195,0.0411649,
07/19/2012,14,,3580,0.0106623,0.01,0.002,0.062,0.06,0.0038458,
07/19/2012,14,,3580,0.0147349,0.013,0.003,0.532,0.529,0.0193133,
07/20/2011,15,,3056,0.0179319,0.016,0.012,0.483,0.471,0.0177107,
07/20/2011,13,,3580,0.0207511,0.02,0.000,0.082,0.082,0.0062435,
07/20/2011,13,,3580,0.0174955,0.016,0.010,0.310,0.3,0.00853388,
07/21/2011,14,,3002,0.0142408,0.014,0.010,0.038,0.028,0.00251026,
07/21/2011,14,,3432,0.0106396,0.01,0.007,0.034,0.027,0.00189429,
07/23/2012,15,,3580,0.0444779,0.032,0.013,0.194,0.181,0.0291827,
07/23/2012,14,,3580,0.0230844,0.025,0.009,0.666,0.657,0.0149551,
07/23/2012,14,,3580,0.0225989,0.022,0.009,0.365,0.356,0.011483,
07/25/2011,13,,2855,0.00864413,0.008,0.006,0.235,0.229,0.00627475,
07/26/2011,11,,3580,0.00491955,0.004,0.000,0.112,0.112,0.00374833,
08/02/2011,10,,2751,0.0143599,0.014,0.006,0.037,0.031,0.00251291,
08/02/2011,10,,3580,0.0120321,0.012,0.006,0.061,0.055,0.00419301,
08/04/2011,24,,2613,0.00477535,0.004,0.002,0.107,0.105,0.00329986,
08/04/2011,11,,3561,0.0117666,0.003,0.000,0.781,0.781,0.0418762,
08/21/2012,16,,3580,0.0238927,0.022,0.014,0.150,0.136,0.00739872,
08/21/2012,16,,2822,0.0254213,0.025,0.017,0.069,0.052,0.00497855,
08/22/2012,10,,3580,0.014264,0.012,0.004,0.948,0.944,0.0213553,
08/23/2012,11,,3247,0.0247164,0.025,0.014,0.057,0.043,0.00454989,
08/25/2012,24,,3580,0.0472721,0.028,0.016,0.460,0.444,0.0470736,
08/27/2012,11,,3580,0.0217969,0.02,0.010,0.300,0.29,0.0102489,
08/29/2012,09,,2646,0.0309649,0.03,0.017,0.062,0.045,0.0044364,
08/30/2011,10,,3060,0.0169876,0.016,0.002,0.195,0.193,0.00996578,
08/30/2011,10,,3580,0.0159391,0.015,0.002,0.141,0.139,0.00570315,
08/30/2012,11,,3580,0.0234936,0.021,0.016,0.071,0.055,0.00727429,
08/30/2012,10,,2511,0.0208192,0.020,0.016,0.047,0.031,0.00309313,
09/05/2012,09,,2521,0.0342753,0.034,0.028,0.084,0.056,0.00344579,
09/06/2012,24,,2419,0.0256995,0.025,0.020,0.259,0.239,0.00678478,
09/12/2012,24,,2770,0.0175563,0.017,0.007,0.055,0.048,0.00300755,
09/12/2012,10,,3580,0.017081,0.015,0.009,0.175,0.166,0.00700795,
09/13/2011,10,,2970,0.0277791,0.027,0.023,0.102,0.079,0.00274488,
08/23/2011,11,,3580,0.0226265,0.023,0.002,0.118,0.116,0.00432292,
09/16/2011,14,,3508,0.0353683,0.02,0.015,21.6,21.585,0.422147,
09/20/2011,24,,3515,0.0197201,0.019,0.014,0.224,0.21,0.00508579,
09/20/2011,24,,3580,0.0171282,0.015,0.011,0.097,0.086,0.010879,
09/22/2010,15,,3580,0.0157307,0.013,0.010,1.39,1.38,0.0352387,
09/22/2011,10,,2657,0.0458991,0.048,0.019,0.083,0.064,0.00646321,
09/22/2011,10,,3466,0.0309709,0.034,0.000,0.320,0.32,0.0117631,
09/26/2012,10,,3019,0.0401862,0.040,0.015,1.49,1.475,0.0330308,
09/27/2011,10,,2964,0.0140557,0.013,0.009,0.075,0.066,0.00410119,
09/27/2011,13,,3580,0.015667,0.015,0.009,0.074,0.065,0.00500428,
09/27/2011,10,,3580,0.0248151,0.011,0.000,0.213,0.213,0.046715,
09/29/2011,09,,3008,0.00894215,0.009,0.005,0.154,0.149,0.00470132,
09/29/2011,10,,3580,0.00615698,0.006,0.000,0.876,0.876,0.0217475,
10/01/2012,09,,2608,0.0368106,0.036,0.023,0.108,0.085,0.00437437,
10/02/2012,13,,3079,0.0339886,0.034,0.028,0.096,0.068,0.00354027,
10/02/2012,16,,2634,0.0568573,0.03,0.024,29.3,29.276,0.713121,
10/03/2012,10,,3256,0.0398228,0.041,0.020,0.097,0.077,0.0065713,
10/03/2012,15,,3295,0.00239818,0.000,0.000,0.221,0.221,0.00986845,
10/04/2012,24,,3580,0.0168413,0.016,0.012,0.037,0.025,0.00260392,
04/10/2013,11,,3332,0.0087479,0.008,0.001,0.094,0.093,0.00605691,
10/06/2011,11,,2682,0.00752573,0.007,0.001,0.068,0.067,0.00432398,
10/07/2011,11,,2649,0.0202431,0.018,0.007,0.455,0.448,0.019833,
10/07/2011,11,,3580,0.014664,0.013,0.003,0.181,0.178,0.0122127,
10/08/2011,13,,3580,0.0211302,0.019,0.000,4.70,4.7,0.103127,
10/09/2012,24,,3580,0.0165522,0.011,0.006,2.82,2.814,0.0593797,
10/11/2011,24,,3489,0.0115993,0.010,0.001,6.15,6.149,0.13288,
10/11/2011,24,,3398,0.00981931,0.011,0.002,0.676,0.674,0.01666,
10/12/2010,17,,3580,0.0251821,0.025,0.019,0.089,0.07,0.00359023,
10/12/2010,17,,3580,0.0225508,0.022,0.014,0.230,0.216,0.00612262,
10/13/2011,24,,1677,0.0318801,0.032,0.020,0.045,0.025,0.00302769,
10/13/2011,24,,1667,0.0263077,0.026,0.015,0.046,0.031,0.00277394,
10/13/2012,13,,2979,0.00107788,0.000,0.000,0.264,0.264,0.00831597,
09/22/2010,15,,3580,0.0157307,0.013,0.010,1.39,1.38,0.0352387,
10/06/2010,15,,3580,0.0205047,0.02,0.015,0.140,0.125,0.00531181,
10/12/2010,17,,3580,0.0251821,0.025,0.019,0.089,0.07,0.00359023,
10/13/2010,16,,3580,0.0172296,0.016,0.012,0.072,0.06,0.00491922,
10/14/2010,17,,3580,0.023086,0.023,0.020,0.057,0.037,0.00220813,
10/14/2011,11,,3487,0.0395721,0.040,0.024,0.095,0.071,0.00632727,
10/15/2012,16,,3580,0.0389916,0.012,0.000,4.52,4.52,0.21192,
10/19/2010,16,,2270,0.0593361,0.059,0.040,0.098,0.058,0.00440107,
10/19/2010,16,,2200,0.0587318,0.058,0.040,0.069,0.029,0.00325979,
10/20/2010,15,,3580,0.0319156,0.031,0.025,0.182,0.157,0.00802487,
10/26/2010,14,,3580,0.00924218,0.007,0.004,0.043,0.039,0.00639822,
10/26/2010,16,,3580,0.0117249,0.011,0.007,0.043,0.036,0.00333334,
10/26/2010,14,,3580,0.00761341,0.006,0.003,0.458,0.455,0.0109602,
10/26/2010,16,,3580,0.00853687,0.008,0.002,0.027,0.025,0.00299236,
10/27/2010,09,,3580,0.0100385,0.01,0.005,0.035,0.03,0.00140596,
10/27/2010,24,,3580,0.0118528,0.012,0.010,0.041,0.031,0.00155364,
10/27/2010,14,,3580,0.0165198,0.016,0.012,0.096,0.084,0.00541856,
10/27/2010,09,,3580,0.0101372,0.01,0.004,0.041,0.037,0.00152829,
10/27/2010,24,,3580,0.0101073,0.01,0.007,0.074,0.067,0.00203838,
10/27/2010,14,,3580,0.0137073,0.013,0.009,0.100,0.091,0.00540172,
10/31/2012,24,,3379,0.00820687,0.008,0.001,0.080,0.079,0.00550849,
11/03/2010,14,,2562,0.0480375,0.05,0.017,0.066,0.049,0.00978976,
11/05/2012,09,,2784,0.0410266,0.041,0.014,0.092,0.078,0.0049033,
11/06/2012,11,,2736,0.0769942,0.0775,0.025,0.128,0.103,0.00792997,
11/07/2012,10,,2894,0.0434534,0.043,0.010,0.350,0.34,0.0110378,
11/10/2011,24,,3580,0.0472486,0.0535,0.013,1.69,1.677,0.0428553,
11/14/2012,10,,3580,0.0298897,0.028,0.021,0.094,0.073,0.00569415,
11/16/2010,10,,3580,0.0101369,0.01,0.007,0.053,0.046,0.00208566,
11/16/2010,09,,3580,0.0107855,0.011,0.007,0.036,0.029,0.00218279,
11/17/2011,13,,3580,0.00527793,0.003,0.000,0.050,0.05,0.00897465,
11/19/2012,11,,2849,0.00638786,0.006,0.003,0.042,0.039,0.00229918,
11/23/2011,24,,3580,0.00942626,0.008,0.001,0.093,0.092,0.00543493,
11/25/2011,16,,1750,0.0186931,0.019,0.008,0.038,0.03,0.0025067,
01/07/2012,13,,2528,0.000837421,0.001,0.000,0.032,0.032,0.00123475,
12/03/2012,11,,3422,0.0377788,0.037,0.019,0.210,0.191,0.00793224,
12/07/2011,13,,2891,0.0744161,0.074,0.041,0.208,0.167,0.00619627,
12/08/2011,13,,3580,0.0685941,0.069,0.039,0.256,0.217,0.0121276,
12/09/2011,13,,3222,0.0881207,0.089,0.033,0.328,0.295,0.0107224,
12/10/2012,13,,3580,0.0130573,0.014,0.005,0.028,0.023,0.00316781,
12/13/2011,15,,3247,0.0268894,0.026,0.019,0.105,0.086,0.00436794,
12/14/2011,24,,3167,0.0667427,0.061,0.041,1.56,1.519,0.0530746,
12/15/2011,11,,2957,0.0175681,0.019,0.008,0.134,0.126,0.00711924,
12/17/2012,14,,3580,0.0138592,0.013,0.003,0.121,0.118,0.00412754,
12/19/2012,13,,3580,0.00909078,0.004,0.002,1.34,1.338,0.0562337,
12/20/2011,15,,3580,0.0390732,0.039,0.023,0.079,0.056,0.00439517,
12/21/2011,11,,2944,0.0790832,0.076,0.027,0.515,0.488,0.0237101,
12/22/2011,11,,3306,0.00296794,0.002,0.000,0.145,0.145,0.00565741,
12/23/2011,11,,3431,0.034545,0.035,0.019,0.282,0.263,0.0101975,
12/26/2011,14,,3170,0.0425543,0.043,0.031,0.058,0.027,0.00403983,
12/27/2011,24,,3580,0.0335416,0.035,0.019,0.072,0.053,0.00731438,
12/28/2011,14,,3092,0.0153719,0.015,0.010,0.055,0.045,0.00301957,
10/18/2011,24,,2493,0.0176398,0.017,0.009,0.092,0.083,0.00429855,
10/18/2011,24,,3580,0.0165869,0.014,0.000,0.095,0.095,0.0143905,
12/18/2012,14,,3580,0.00643492,0.005,0.000,1.61,1.61,0.033221,
01/19/2012,14,,2706,0.035888,0.036,0.010,0.076,0.066,0.00516952,
10/20/2011,10,,3347,0.0274733,0.027,0.019,0.607,0.588,0.0119961,
10/20/2011,24,,3109,0.0234535,0.023,0.018,0.039,0.021,0.00224708,
10/20/2011,10,,3580,0.0212173,0.021,0.009,0.077,0.068,0.00296492,
12/20/2012,24,,2936,0.00829394,0.007,0.004,0.071,0.067,0.00369814,
01/21/2012,13,,2946,0.00732179,0.007,0.002,0.024,0.022,0.00171501,
10/25/2011,13,,3580,0.0243385,0.024,0.017,0.048,0.031,0.00347713,
09/29/2011,09,,8,0.009125,0.009,0.007,0.011,0.004,0.00136359,
01/27/2012,16,,2758,0.0152806,0.015,0.008,0.142,0.134,0.00463625,
01/31/2012,13,,3095,0.0177499,0.018,0.010,0.031,0.021,0.00257717,
03/26/2012,13,,1333,0.00629857,0.005,0.002,0.026,0.024,0.00260405,
03/26/2012,14,,715,0.00372867,0.003,0.001,0.013,0.012,0.0015606,
03/27/2012,11,,3580,0.00847765,0.006,0.002,0.092,0.09,0.00621665,
03/30/2011,16,,1143,0.0075958,0.007,0.005,0.071,0.066,0.00263785,
03/31/2011,16,,1628,0.0136757,0.013,0.008,0.203,0.195,0.00929951,
04/01/2011,15,,809,0.015398,0.015,0.012,0.034,0.022,0.00205362,
04/02/2011,11,,3580,0.0185469,0.018,0.013,0.097,0.084,0.00421029,
12/08/2011,13,,3580,0.0685941,0.069,0.039,0.256,0.217,0.0121276,
04/05/2011,16,,3580,0.0141838,0.013,0.008,0.069,0.061,0.00439944,
04/05/2012,11,,2374,0.00415333,0.003,0.001,0.403,0.402,0.0124751,
04/06/2011,15,,3197,0.012076,0.012,0.007,0.053,0.046,0.00281482,
04/06/2012,11,,2607,0.00535098,0.005,0.003,0.047,0.044,0.00178149,
04/07/2011,15,,2491,0.00738539,0.007,0.002,0.027,0.025,0.00199478,
04/10/2015,15,,2725,0.00514642,0.005,0.002,0.053,0.051,0.00195327,
04/11/2011,14,,3091,0.0204196,0.020,0.014,0.082,0.068,0.00331983,
04/11/2015,15,,3143,0.00507636,0.005,0.000,0.081,0.081,0.00232868,
04/12/2012,13,,2710,0.00592841,0.006,0.002,0.055,0.053,0.00211008,
04/13/2012,14,,2898,0.0049196,0.005,0.002,0.021,0.019,0.00120504,
04/17/2012,15,,2680,0.0025056,0.002,0.001,0.034,0.033,0.0018102,
04/18/2012,13,,1605,0.0149433,0.014,0.010,0.118,0.108,0.00423219,
04/18/2012,14,,1806,0.0140908,0.014,0.010,0.030,0.02,0.0017876,
04/18/2012,13,,1616,0.0103651,0.01,0.007,0.035,0.028,0.00190923,
04/18/2012,14,,1776,0.0100602,0.009,0.003,0.200,0.197,0.00629477,
04/19/2011,24,,507,0.0380966,0.040,0.008,0.072,0.064,0.00927194,
04/20/2011,11,,1792,0.0188555,0.017,0.014,0.060,0.046,0.00584527,
04/23/2012,13,,1442,0.00778294,0.007,0.004,0.018,0.014,0.0024923,
04/23/2012,13,,1623,0.0060382,0.005,0.002,0.181,0.179,0.00755965,
04/23/2012,14,,2056,0.00340175,0.003,0.000,0.043,0.043,0.00325506,
04/27/2011,16,,3060,0.0111605,0.011,0.007,0.046,0.039,0.00222642,
04/30/2012,13,,1631,0.0206481,0.021,0.014,0.064,0.05,0.00344778,
04/30/2012,14,,1448,0.0167127,0.017,0.012,0.025,0.013,0.00151523,
04/30/2012,13,,1483,0.0162077,0.016,0.010,0.028,0.018,0.00273017,
04/30/2012,14,,1563,0.0103231,0.010,0.006,0.019,0.013,0.00126669,
05/04/2012,14,,2776,0.00792976,0.008,0.003,0.081,0.078,0.00277217,
05/08/2012,15,,2933,0.00012956,0.000,0.000,0.024,0.024,0.000877954,
05/17/2011,14,,3580,0.00822514,0.008,0.004,0.030,0.026,0.00194092,
05/18/2011,14,,3580,0.00519581,0.005,0.003,0.042,0.039,0.00140964,
05/19/2011,15,,3580,0.0199433,0.019,0.014,0.192,0.178,0.00547517,
05/19/2015,14,,2087,0.0199262,0.019,0.010,0.546,0.536,0.0141079,
05/23/2011,14,,3580,0.0147416,0.014,0.011,0.170,0.159,0.00391259,
05/24/2011,13,,3036,0.0144111,0.014,0.009,0.051,0.042,0.00308749,
05/25/2011,11,,2577,0.0157284,0.016,0.006,0.077,0.071,0.00396286,
05/30/2012,11,,3580,0.0176433,0.018,0.006,0.062,0.056,0.00395355,
06/01/2011,13,,2812,0.00334815,0.003,0.001,0.186,0.185,0.00407173,
06/01/2011,16,,2913,0.00424717,0.004,0.001,0.122,0.121,0.00326336,
06/07/2011,24,,2391,0.0144153,0.014,0.011,0.031,0.02,0.00160256,
04/05/2011,16,,3580,0.0141838,0.013,0.008,0.069,0.061,0.00439944,
06/09/2011,11,,2915,0.0192518,0.019,0.015,0.237,0.222,0.00616278,
06/10/2011,14,,3167,0.0225759,0.022,0.018,0.114,0.096,0.0037589,
06/13/2011,13,,3580,0.00895782,0.009,0.006,0.051,0.045,0.00175771,
06/05/2012,13,,2872,0.00594046,0.006,0.003,0.016,0.013,0.00164385,
06/07/2011,24,,2391,0.0144153,0.014,0.011,0.031,0.02,0.00160256,
04/05/2011,16,,3580,0.0141838,0.013,0.008,0.069,0.061,0.00439944,
06/09/2011,11,,2915,0.0192518,0.019,0.015,0.237,0.222,0.00616278,
06/10/2011,14,,3167,0.0225759,0.022,0.018,0.114,0.096,0.0037589,
06/13/2011,13,,3580,0.00895782,0.009,0.006,0.051,0.045,0.00175771,
06/14/2011,11,,3316,0.0238978,0.024,0.018,0.100,0.082,0.00363406,
06/14/2011,13,,3580,0.0202039,0.02,0.010,0.074,0.064,0.00518806,
06/14/2012,10,,3580,0.0279279,0.027,0.015,0.130,0.115,0.00486733,
06/15/2011,24,,2897,0.0287287,0.028,0.022,0.064,0.042,0.00327113,
06/16/2011,13,,3057,0.0247687,0.025,0.018,0.051,0.033,0.00234074,
06/17/2011,13,,3580,0.0190687,0.019,0.013,0.065,0.052,0.00258017,
06/18/2012,11,,3580,0.00796313,0.007,0.005,0.059,0.054,0.00291083,
06/20/2011,24,,3358,0.0223303,0.021,0.013,0.107,0.094,0.00546075,
06/21/2011,24,,3580,0.0198816,0.02,0.012,0.060,0.048,0.00254357,
06/22/2011,13,,3580,0.0192332,0.018,0.015,0.247,0.232,0.00769256,
06/22/2012,11,,3405,0.00443583,0.004,0.002,0.098,0.096,0.00433634,
06/23/2011,14,,3474,0.0144159,0.013,0.007,0.135,0.128,0.00583712,
06/23/2011,14,,2805,0.0175561,0.017,0.012,0.115,0.103,0.00355082,
06/24/2011,11,,3580,0.0195989,0.019,0.014,0.142,0.128,0.00502207,
06/25/2012,14,,3580,0.00494497,0.005,0.002,0.043,0.041,0.00192703,
06/26/2012,14,,3550,0.0048662,0.005,0.002,0.031,0.029,0.00169568,
06/27/2012,10,,3348,0.0141249,0.014,0.010,0.060,0.05,0.00266285,
06/28/2012,24,,3244,0.0105885,0.01,0.007,0.051,0.044,0.0021029,
06/29/2011,13,,3495,0.00404378,0.003,0.001,0.047,0.046,0.00283975,
06/29/2012,13,,3580,0.0888913,0.008,0.006,17.5,17.494,0.716493,
06/30/2011,13,,3081,0.018508,0.018,0.014,0.099,0.085,0.00279704,
07/05/2011,24,,3529,0.0208773,0.020,0.016,0.087,0.071,0.00393111,
07/06/2011,14,,1679,0.012028,0.011,0.005,0.221,0.216,0.00587652,
07/06/2011,16,,3243,0.0153451,0.014,0.012,0.191,0.179,0.00558037,
07/07/2011,13,,3580,0.014924,0.014,0.009,0.191,0.182,0.00806609,
07/07/2011,13,,3580,0.0286369,0.027,0.024,1.65,1.626,0.0339485,
07/07/2011,13,,3580,0.0138229,0.013,0.000,0.047,0.047,0.00420646,
07/03/2010,16,,2089,0.0292628,0.028,0.020,0.111,0.091,0.00451447,
07/05/2010,14,,1378,0.0365646,0.016,0.011,4.55,4.539,0.183082,
06/29/2010,16,,3580,0.0227042,0.022,0.016,0.219,0.203,0.00554443,
07/02/2010,21,,1742,0.0833284,0.037,0.025,30.9,30.875,0.96273,
06/16/2010,19,,3580,0.0550584,0.027,0.012,27.9,27.888,0.524222,
06/17/2010,20,,3580,0.033474,0.031,0.014,2.64,2.626,0.0571228,
07/11/2011,13,,3580,0.00916006,0.008,0.000,0.441,0.441,0.010761,
07/11/2011,13,,3580,0.00958408,0.008,0.000,0.095,0.095,0.00486073,
07/11/2011,13,,3580,0.00589944,0.005,0.003,0.103,0.1,0.00302779,
07/12/2011,11,,3498,0.0128511,0.012,0.009,0.071,0.062,0.00341269,
07/12/2011,13,,3580,0.0175047,0.017,0.000,0.165,0.165,0.00571348,
07/12/2011,11,,2906,0.012277,0.012,0.009,0.046,0.037,0.00209003,
07/12/2011,13,,3580,0.0153888,0.015,0.010,0.040,0.03,0.00284314,
07/12/2011,13,,3580,0.0126408,0.012,0.008,0.059,0.051,0.00302513,
07/12/2012,15,,849,0.0268822,0.026,0.021,0.107,0.086,0.00437901,
07/12/2012,15,,991,0.0225701,0.022,0.008,0.048,0.04,0.00247549,
07/13/2011,13,,3580,0.0143212,0.013,0.008,0.434,0.426,0.0149951,
07/13/2011,13,,3580,0.0152877,0.015,0.007,0.415,0.408,0.0128383,
07/13/2011,13,,3580,0.00889832,0.009,0.000,0.239,0.239,0.00785652,
07/17/2012,15,,3580,0.0464196,0.035,0.002,0.169,0.167,0.0413043,
07/17/2012,14,,3580,0.00947542,0.008,0.002,0.210,0.208,0.0068137,
07/17/2012,14,,3580,0.0127073,0.007,0.000,3.26,3.26,0.0709776,
07/17/2012,16,,1488,0.00712567,0.002,0.000,0.026,0.026,0.00765105,
07/18/2011,13,,3580,0.00839078,0.007,0.002,0.057,0.055,0.00408753,
07/18/2011,15,,3,0.00633333,0.006,0.006,0.007,0.001,0.000471405,
07/18/2011,13,,3540,0.0041113,0.004,0.001,0.055,0.054,0.00252435,
07/18/2012,14,,3580,0.00993547,0.01,0.001,0.152,0.151,0.00552754,
07/18/2012,14,,3580,0.0130131,0.012,0.005,0.104,0.099,0.00674968,
07/18/2012,14,,3580,0.0350598,0.024,0.000,0.171,0.171,0.0363375,
07/19/2012,14,,3580,0.0400296,0.025,0.004,0.199,0.195,0.0411649,
07/19/2012,14,,3580,0.0106623,0.01,0.002,0.062,0.06,0.0038458,
07/19/2012,14,,3580,0.0147349,0.013,0.003,0.532,0.529,0.0193133,
07/20/2011,15,,3056,0.0179319,0.016,0.012,0.483,0.471,0.0177107,
07/20/2011,13,,3580,0.0207511,0.02,0.000,0.082,0.082,0.0062435,
07/20/2011,13,,3580,0.0174955,0.016,0.010,0.310,0.3,0.00853388,
07/21/2011,14,,3002,0.0142408,0.014,0.010,0.038,0.028,0.00251026,
07/21/2011,14,,3432,0.0106396,0.01,0.007,0.034,0.027,0.00189429,
07/23/2012,15,,3580,0.0444779,0.032,0.013,0.194,0.181,0.0291827,
07/23/2012,14,,3580,0.0230844,0.025,0.009,0.666,0.657,0.0149551,
07/23/2012,14,,3580,0.0225989,0.022,0.009,0.365,0.356,0.011483,
07/25/2011,13,,2855,0.00864413,0.008,0.006,0.235,0.229,0.00627475,
07/26/2011,11,,3580,0.00491955,0.004,0.000,0.112,0.112,0.00374833,
08/02/2011,10,,2751,0.0143599,0.014,0.006,0.037,0.031,0.00251291,
08/02/2011,10,,3580,0.0120321,0.012,0.006,0.061,0.055,0.00419301,
08/04/2011,24,,2613,0.00477535,0.004,0.002,0.107,0.105,0.00329986,
08/04/2011,11,,3561,0.0117666,0.003,0.000,0.781,0.781,0.0418762,
08/21/2012,16,,3580,0.0238927,0.022,0.014,0.150,0.136,0.00739872,
08/21/2012,16,,2822,0.0254213,0.025,0.017,0.069,0.052,0.00497855,
08/22/2012,10,,3580,0.014264,0.012,0.004,0.948,0.944,0.0213553,
08/23/2012,11,,3247,0.0247164,0.025,0.014,0.057,0.043,0.00454989,
08/25/2012,24,,3580,0.0472721,0.028,0.016,0.460,0.444,0.0470736,
08/27/2012,11,,3580,0.0217969,0.02,0.010,0.300,0.29,0.0102489,
08/29/2012,9,,2646,0.0309649,0.03,0.017,0.062,0.045,0.0044364,
08/30/2011,10,,3060,0.0169876,0.016,0.002,0.195,0.193,0.00996578,
08/30/2011,10,,3580,0.0159391,0.015,0.002,0.141,0.139,0.00570315,
08/30/2012,11,,3580,0.0234936,0.021,0.016,0.071,0.055,0.00727429,
08/30/2012,10,,2511,0.0208192,0.020,0.016,0.047,0.031,0.00309313,
09/05/2012,9,,2521,0.0342753,0.034,0.028,0.084,0.056,0.00344579,
09/06/2012,24,,2419,0.0256995,0.025,0.020,0.259,0.239,0.00678478,
09/12/2012,24,,2770,0.0175563,0.017,0.007,0.055,0.048,0.00300755,
09/12/2012,10,,3580,0.017081,0.015,0.009,0.175,0.166,0.00700795,
09/13/2011,10,,2970,0.0277791,0.027,0.023,0.102,0.079,0.00274488,
08/23/2011,11,,3580,0.0226265,0.023,0.002,0.118,0.116,0.00432292,
09/16/2011,14,,3508,0.0353683,0.02,0.015,21.6,21.585,0.422147,
09/20/2011,24,,3515,0.0197201,0.019,0.014,0.224,0.21,0.00508579,
09/20/2011,24,,3580,0.0171282,0.015,0.011,0.097,0.086,0.010879,
09/22/2010,15,,3580,0.0157307,0.013,0.010,1.39,1.38,0.0352387,
09/22/2011,10,,2657,0.0458991,0.048,0.019,0.083,0.064,0.00646321,
09/22/2011,10,,3466,0.0309709,0.034,0.000,0.320,0.32,0.0117631,
09/26/2012,10,,3019,0.0401862,0.040,0.015,1.49,1.475,0.0330308,
09/27/2011,10,,2964,0.0140557,0.013,0.009,0.075,0.066,0.00410119,
09/27/2011,13,,3580,0.015667,0.015,0.009,0.074,0.065,0.00500428,
09/27/2011,10,,3580,0.0248151,0.011,0.000,0.213,0.213,0.046715,
09/29/2011,9,,3008,0.00894215,0.009,0.005,0.154,0.149,0.00470132,
09/29/2011,10,,3580,0.00615698,0.006,0.000,0.876,0.876,0.0217475,
10/01/2012,9,,2608,0.0368106,0.036,0.023,0.108,0.085,0.00437437,
10/02/2012,13,,3079,0.0339886,0.034,0.028,0.096,0.068,0.00354027,
10/02/2012,16,,2634,0.0568573,0.03,0.024,29.3,29.276,0.713121,
10/03/2012,10,,3256,0.0398228,0.041,0.020,0.097,0.077,0.0065713,
10/03/2012,15,,3295,0.00239818,0.000,0.000,0.221,0.221,0.00986845,
10/04/2012,24,,3580,0.0168413,0.016,0.012,0.037,0.025,0.00260392,
04/10/2013,11,,3332,0.0087479,0.008,0.001,0.094,0.093,0.00605691,
10/06/2011,11,,2682,0.00752573,0.007,0.001,0.068,0.067,0.00432398,
10/07/2011,11,,2649,0.0202431,0.018,0.007,0.455,0.448,0.019833,
10/07/2011,11,,3580,0.014664,0.013,0.003,0.181,0.178,0.0122127,
10/08/2011,13,,3580,0.0211302,0.019,0.000,4.70,4.7,0.103127,
10/09/2012,24,,3580,0.0165522,0.011,0.006,2.82,2.814,0.0593797,
10/11/2011,24,,3489,0.0115993,0.010,0.001,6.15,6.149,0.13288,
10/11/2011,24,,3398,0.00981931,0.011,0.002,0.676,0.674,0.01666,
10/12/2010,17,,3580,0.0251821,0.025,0.019,0.089,0.07,0.00359023,
10/12/2010,17,,3580,0.0225508,0.022,0.014,0.230,0.216,0.00612262,
10/13/2011,24,,1677,0.0318801,0.032,0.020,0.045,0.025,0.00302769,
10/13/2011,24,,1667,0.0263077,0.026,0.015,0.046,0.031,0.00277394,
10/13/2012,13,,2979,0.00107788,0.000,0.000,0.264,0.264,0.00831597,
09/22/2010,15,,3580,0.0157307,0.013,0.010,1.39,1.38,0.0352387,
10/06/2010,15,,3580,0.0205047,0.02,0.015,0.140,0.125,0.00531181,
10/12/2010,17,,3580,0.0251821,0.025,0.019,0.089,0.07,0.00359023,
10/13/2010,16,,3580,0.0172296,0.016,0.012,0.072,0.06,0.00491922,
10/14/2010,17,,3580,0.023086,0.023,0.020,0.057,0.037,0.00220813,
10/14/2011,11,,3487,0.0395721,0.040,0.024,0.095,0.071,0.00632727,
10/15/2012,16,,3580,0.0389916,0.012,0.000,4.52,4.52,0.21192,
10/19/2010,16,,2270,0.0593361,0.059,0.040,0.098,0.058,0.00440107,
10/19/2010,16,,2200,0.0587318,0.058,0.040,0.069,0.029,0.00325979,
10/20/2010,15,,3580,0.0319156,0.031,0.025,0.182,0.157,0.00802487,
10/26/2010,14,,3580,0.00924218,0.007,0.004,0.043,0.039,0.00639822,
10/26/2010,16,,3580,0.0117249,0.011,0.007,0.043,0.036,0.00333334,
10/26/2010,14,,3580,0.00761341,0.006,0.003,0.458,0.455,0.0109602,
10/26/2010,16,,3580,0.00853687,0.008,0.002,0.027,0.025,0.00299236,
10/27/2010,9,,3580,0.0100385,0.01,0.005,0.035,0.03,0.00140596,
10/27/2010,24,,3580,0.0118528,0.012,0.010,0.041,0.031,0.00155364,
10/27/2010,14,,3580,0.0165198,0.016,0.012,0.096,0.084,0.00541856,
10/27/2010,9,,3580,0.0101372,0.01,0.004,0.041,0.037,0.00152829,
10/27/2010,24,,3580,0.0101073,0.01,0.007,0.074,0.067,0.00203838,
10/27/2010,14,,3580,0.0137073,0.013,0.009,0.100,0.091,0.00540172,
10/31/2012,24,,3379,0.00820687,0.008,0.001,0.080,0.079,0.00550849,
11/03/2010,14,,2562,0.0480375,0.05,0.017,0.066,0.049,0.00978976,
11/05/2012,9,,2784,0.0410266,0.041,0.014,0.092,0.078,0.0049033,
11/06/2012,11,,2736,0.0769942,0.0775,0.025,0.128,0.103,0.00792997,
11/07/2012,10,,2894,0.0434534,0.043,0.010,0.350,0.34,0.0110378,
11/10/2011,24,,3580,0.0472486,0.0535,0.013,1.69,1.677,0.0428553,
11/14/2012,10,,3580,0.0298897,0.028,0.021,0.094,0.073,0.00569415,
11/16/2010,10,,3580,0.0101369,0.01,0.007,0.053,0.046,0.00208566,
11/16/2010,9,,3580,0.0107855,0.011,0.007,0.036,0.029,0.00218279,
11/17/2011,13,,3580,0.00527793,0.003,0.000,0.050,0.05,0.00897465,
11/19/2012,11,,2849,0.00638786,0.006,0.003,0.042,0.039,0.00229918,
11/23/2011,24,,3580,0.00942626,0.008,0.001,0.093,0.092,0.00543493,
11/25/2011,16,,1750,0.0186931,0.019,0.008,0.038,0.03,0.0025067,
01/07/2012,13,,2528,0.000837421,0.001,0.000,0.032,0.032,0.00123475,
12/03/2012,11,,3422,0.0377788,0.037,0.019,0.210,0.191,0.00793224,
12/07/2011,13,,2891,0.0744161,0.074,0.041,0.208,0.167,0.00619627,
12/08/2011,13,,3580,0.0685941,0.069,0.039,0.256,0.217,0.0121276,
12/09/2011,13,,3222,0.0881207,0.089,0.033,0.328,0.295,0.0107224,
12/10/2012,13,,3580,0.0130573,0.014,0.005,0.028,0.023,0.00316781,
12/13/2011,15,,3247,0.0268894,0.026,0.019,0.105,0.086,0.00436794,
12/14/2011,24,,3167,0.0667427,0.061,0.041,1.56,1.519,0.0530746,
12/15/2011,11,,2957,0.0175681,0.019,0.008,0.134,0.126,0.00711924,
12/17/2012,14,,3580,0.0138592,0.013,0.003,0.121,0.118,0.00412754,
12/19/2012,13,,3580,0.00909078,0.004,0.002,1.34,1.338,0.0562337,
12/20/2011,15,,3580,0.0390732,0.039,0.023,0.079,0.056,0.00439517,
12/21/2011,11,,2944,0.0790832,0.076,0.027,0.515,0.488,0.0237101,
12/22/2011,11,,3306,0.00296794,0.002,0.000,0.145,0.145,0.00565741,
12/23/2011,11,,3431,0.034545,0.035,0.019,0.282,0.263,0.0101975,
12/26/2011,14,,3170,0.0425543,0.043,0.031,0.058,0.027,0.00403983,
12/27/2011,24,,3580,0.0335416,0.035,0.019,0.072,0.053,0.00731438,
12/28/2011,14,,3092,0.0153719,0.015,0.010,0.055,0.045,0.00301957,
10/18/2011,24,,2493,0.0176398,0.017,0.009,0.092,0.083,0.00429855,
10/18/2011,24,,3580,0.0165869,0.014,0.000,0.095,0.095,0.0143905,
12/18/2012,14,,3580,0.00643492,0.005,0.000,1.61,1.61,0.033221,
01/19/2012,14,,2706,0.035888,0.036,0.010,0.076,0.066,0.00516952,
10/20/2011,10,,3347,0.0274733,0.027,0.019,0.607,0.588,0.0119961,
10/20/2011,24,,3109,0.0234535,0.023,0.018,0.039,0.021,0.00224708,
10/20/2011,10,,3580,0.0212173,0.021,0.009,0.077,0.068,0.00296492,
12/20/2012,24,,2936,0.00829394,0.007,0.004,0.071,0.067,0.00369814,
01/21/2012,13,,2946,0.00732179,0.007,0.002,0.024,0.022,0.00171501,
10/25/2011,13,,3580,0.0243385,0.024,0.017,0.048,0.031,0.00347713,
09/29/2011,9,,8,0.009125,0.009,0.007,0.011,0.004,0.00136359,
01/27/2012,16,,2758,0.0152806,0.015,0.008,0.142,0.134,0.00463625,
01/31/2012,13,,3095,0.0177499,0.018,0.010,0.031,0.021,0.00257717,
03/26/2012,13,,1333,0.00629857,0.005,0.002,0.026,0.024,0.00260405,
03/26/2012,14,,715,0.00372867,0.003,0.001,0.013,0.012,0.0015606,
03/27/2012,11,,3580,0.00847765,0.006,0.002,0.092,0.09,0.00621665,
03/30/2011,16,,1143,0.0075958,0.007,0.005,0.071,0.066,0.00263785,
03/31/2011,16,,1628,0.0136757,0.013,0.008,0.203,0.195,0.00929951,
04/01/2011,15,,809,0.015398,0.015,0.012,0.034,0.022,0.00205362,
04/02/2011,11,,3580,0.0185469,0.018,0.013,0.097,0.084,0.00421029,
12/08/2011,13,,3580,0.0685941,0.069,0.039,0.256,0.217,0.0121276,
04/05/2011,16,,3580,0.0141838,0.013,0.008,0.069,0.061,0.00439944,
04/05/2012,11,,2374,0.00415333,0.003,0.001,0.403,0.402,0.0124751,
04/06/2011,15,,3197,0.012076,0.012,0.007,0.053,0.046,0.00281482,
04/06/2012,11,,2607,0.00535098,0.005,0.003,0.047,0.044,0.00178149,
04/07/2011,15,,2491,0.00738539,0.007,0.002,0.027,0.025,0.00199478,
04/10/2015,15,,2725,0.00514642,0.005,0.002,0.053,0.051,0.00195327,
04/11/2011,14,,3091,0.0204196,0.020,0.014,0.082,0.068,0.00331983,
04/11/2015,15,,3143,0.00507636,0.005,0.000,0.081,0.081,0.00232868,
04/12/2012,13,,2710,0.00592841,0.006,0.002,0.055,0.053,0.00211008,
04/13/2012,14,,2898,0.0049196,0.005,0.002,0.021,0.019,0.00120504,
04/17/2012,15,,2680,0.0025056,0.002,0.001,0.034,0.033,0.0018102,
04/18/2012,13,,1605,0.0149433,0.014,0.010,0.118,0.108,0.00423219,
04/18/2012,14,,1806,0.0140908,0.014,0.010,0.030,0.02,0.0017876,
04/18/2012,13,,1616,0.0103651,0.01,0.007,0.035,0.028,0.00190923,
04/18/2012,14,,1776,0.0100602,0.009,0.003,0.200,0.197,0.00629477,
04/19/2011,24,,507,0.0380966,0.040,0.008,0.072,0.064,0.00927194,
04/20/2011,11,,1792,0.0188555,0.017,0.014,0.060,0.046,0.00584527,
04/23/2012,13,,1442,0.00778294,0.007,0.004,0.018,0.014,0.0024923,
04/23/2012,13,,1623,0.0060382,0.005,0.002,0.181,0.179,0.00755965,
04/23/2012,14,,2056,0.00340175,0.003,0.000,0.043,0.043,0.00325506,
04/27/2011,16,,3060,0.0111605,0.011,0.007,0.046,0.039,0.00222642,
04/30/2012,13,,1631,0.0206481,0.021,0.014,0.064,0.05,0.00344778,
04/30/2012,14,,1448,0.0167127,0.017,0.012,0.025,0.013,0.00151523,
04/30/2012,13,,1483,0.0162077,0.016,0.010,0.028,0.018,0.00273017,
04/30/2012,14,,1563,0.0103231,0.010,0.006,0.019,0.013,0.00126669,
05/04/2012,14,,2776,0.00792976,0.008,0.003,0.081,0.078,0.00277217,
05/08/2012,15,,2933,0.00012956,0.000,0.000,0.024,0.024,0.000877954,
05/17/2011,14,,3580,0.00822514,0.008,0.004,0.030,0.026,0.00194092,
05/18/2011,14,,3580,0.00519581,0.005,0.003,0.042,0.039,0.00140964,
05/19/2011,15,,3580,0.0199433,0.019,0.014,0.192,0.178,0.00547517,
05/19/2015,14,,2087,0.0199262,0.019,0.010,0.546,0.536,0.0141079,
05/23/2011,14,,3580,0.0147416,0.014,0.011,0.170,0.159,0.00391259,
05/24/2011,13,,3036,0.0144111,0.014,0.009,0.051,0.042,0.00308749,
05/25/2011,11,,2577,0.0157284,0.016,0.006,0.077,0.071,0.00396286,
05/30/2012,11,,3580,0.0176433,0.018,0.006,0.062,0.056,0.00395355,
06/01/2011,13,,2812,0.00334815,0.003,0.001,0.186,0.185,0.00407173,
06/01/2011,16,,2913,0.00424717,0.004,0.001,0.122,0.121,0.00326336,
06/07/2011,24,,2391,0.0144153,0.014,0.011,0.031,0.02,0.00160256,
04/05/2011,16,,3580,0.0141838,0.013,0.008,0.069,0.061,0.00439944,
06/09/2011,11,,2915,0.0192518,0.019,0.015,0.237,0.222,0.00616278,
06/10/2011,14,,3167,0.0225759,0.022,0.018,0.114,0.096,0.0037589,
06/13/2011,13,,3580,0.00895782,0.009,0.006,0.051,0.045,0.00175771,
06/05/2012,13,,2872,0.00594046,0.006,0.003,0.016,0.013,0.00164385,
06/07/2011,24,,2391,0.0144153,0.014,0.011,0.031,0.02,0.00160256,
04/05/2011,16,,3580,0.0141838,0.013,0.008,0.069,0.061,0.00439944,
06/09/2011,11,,2915,0.0192518,0.019,0.015,0.237,0.222,0.00616278,
06/10/2011,14,,3167,0.0225759,0.022,0.018,0.114,0.096,0.0037589,
06/13/2011,13,,3580,0.00895782,0.009,0.006,0.051,0.045,0.00175771,
06/14/2011,11,,3316,0.0238978,0.024,0.018,0.100,0.082,0.00363406,
06/14/2011,13,,3580,0.0202039,0.02,0.010,0.074,0.064,0.00518806,
06/14/2012,10,,3580,0.0279279,0.027,0.015,0.130,0.115,0.00486733,
06/15/2011,24,,2897,0.0287287,0.028,0.022,0.064,0.042,0.00327113,
06/16/2011,13,,3057,0.0247687,0.025,0.018,0.051,0.033,0.00234074,
06/17/2011,13,,3580,0.0190687,0.019,0.013,0.065,0.052,0.00258017,
06/18/2012,11,,3580,0.00796313,0.007,0.005,0.059,0.054,0.00291083,
06/20/2011,24,,3358,0.0223303,0.021,0.013,0.107,0.094,0.00546075,
06/21/2011,24,,3580,0.0198816,0.02,0.012,0.060,0.048,0.00254357,
06/22/2011,13,,3580,0.0192332,0.018,0.015,0.247,0.232,0.00769256,
06/22/2012,11,,3405,0.00443583,0.004,0.002,0.098,0.096,0.00433634,
06/23/2011,14,,3474,0.0144159,0.013,0.007,0.135,0.128,0.00583712,
06/23/2011,14,,2805,0.0175561,0.017,0.012,0.115,0.103,0.00355082,
06/24/2011,11,,3580,0.0195989,0.019,0.014,0.142,0.128,0.00502207,
06/25/2012,14,,3580,0.00494497,0.005,0.002,0.043,0.041,0.00192703,
06/26/2012,14,,3550,0.0048662,0.005,0.002,0.031,0.029,0.00169568,
06/27/2012,10,,3348,0.0141249,0.014,0.010,0.060,0.05,0.00266285,
06/28/2012,24,,3244,0.0105885,0.01,0.007,0.051,0.044,0.0021029,
06/29/2011,13,,3495,0.00404378,0.003,0.001,0.047,0.046,0.00283975,
06/29/2012,13,,3580,0.0888913,0.008,0.006,17.5,17.494,0.716493,
06/30/2011,13,,3081,0.018508,0.018,0.014,0.099,0.085,0.00279704,
07/05/2011,24,,3529,0.0208773,0.020,0.016,0.087,0.071,0.00393111,
07/06/2011,14,,1679,0.012028,0.011,0.005,0.221,0.216,0.00587652,
07/06/2011,16,,3243,0.0153451,0.014,0.012,0.191,0.179,0.00558037,
07/07/2011,13,,3580,0.014924,0.014,0.009,0.191,0.182,0.00806609,
07/07/2011,13,,3580,0.0286369,0.027,0.024,1.65,1.626,0.0339485,
07/07/2011,13,,3580,0.0138229,0.013,0.000,0.047,0.047,0.00420646,
07/03/2010,16,,2089,0.0292628,0.028,0.020,0.111,0.091,0.00451447,
07/05/2010,14,,1378,0.0365646,0.016,0.011,4.55,4.539,0.183082,
06/29/2010,16,,3580,0.0227042,0.022,0.016,0.219,0.203,0.00554443,
07/02/2010,21,,1742,0.0833284,0.037,0.025,30.9,30.875,0.96273,
06/16/2010,19,,3580,0.0550584,0.027,0.012,27.9,27.888,0.524222,
06/17/2010,20,,3580,0.033474,0.031,0.014,2.64,2.626,0.0571228,
07/11/2011,13,,3580,0.00916006,0.008,0.000,0.441,0.441,0.010761,
07/11/2011,13,,3580,0.00958408,0.008,0.000,0.095,0.095,0.00486073,
07/11/2011,13,,3580,0.00589944,0.005,0.003,0.103,0.1,0.00302779,
07/12/2011,11,,3498,0.0128511,0.012,0.009,0.071,0.062,0.00341269,
07/12/2011,13,,3580,0.0175047,0.017,0.000,0.165,0.165,0.00571348,
07/12/2011,11,,2906,0.012277,0.012,0.009,0.046,0.037,0.00209003,
07/12/2011,13,,3580,0.0153888,0.015,0.010,0.040,0.03,0.00284314,
07/12/2011,13,,3580,0.0126408,0.012,0.008,0.059,0.051,0.00302513,
07/12/2012,15,,849,0.0268822,0.026,0.021,0.107,0.086,0.00437901,
07/12/2012,15,,991,0.0225701,0.022,0.008,0.048,0.04,0.00247549,
07/13/2011,13,,3580,0.0143212,0.013,0.008,0.434,0.426,0.0149951,
07/13/2011,13,,3580,0.0152877,0.015,0.007,0.415,0.408,0.0128383,
07/13/2011,13,,3580,0.00889832,0.009,0.000,0.239,0.239,0.00785652,
07/17/2012,15,,3580,0.0464196,0.035,0.002,0.169,0.167,0.0413043,
07/17/2012,14,,3580,0.00947542,0.008,0.002,0.210,0.208,0.0068137,
07/17/2012,14,,3580,0.0127073,0.007,0.000,3.26,3.26,0.0709776,
07/17/2012,16,,1488,0.00712567,0.002,0.000,0.026,0.026,0.00765105,
07/18/2011,13,,3580,0.00839078,0.007,0.002,0.057,0.055,0.00408753,
07/18/2011,15,,3,0.00633333,0.006,0.006,0.007,0.001,0.000471405,
07/18/2011,13,,3540,0.0041113,0.004,0.001,0.055,0.054,0.00252435,
07/18/2012,14,,3580,0.00993547,0.01,0.001,0.152,0.151,0.00552754,
07/18/2012,14,,3580,0.0130131,0.012,0.005,0.104,0.099,0.00674968,
07/18/2012,14,,3580,0.0350598,0.024,0.000,0.171,0.171,0.0363375,
07/19/2012,14,,3580,0.0400296,0.025,0.004,0.199,0.195,0.0411649,
07/19/2012,14,,3580,0.0106623,0.01,0.002,0.062,0.06,0.0038458,
07/19/2012,14,,3580,0.0147349,0.013,0.003,0.532,0.529,0.0193133,
07/20/2011,15,,3056,0.0179319,0.016,0.012,0.483,0.471,0.0177107,
07/20/2011,13,,3580,0.0207511,0.02,0.000,0.082,0.082,0.0062435,
07/20/2011,13,,3580,0.0174955,0.016,0.010,0.310,0.3,0.00853388,
07/21/2011,14,,3002,0.0142408,0.014,0.010,0.038,0.028,0.00251026,
07/21/2011,14,,3432,0.0106396,0.01,0.007,0.034,0.027,0.00189429,
07/23/2012,15,,3580,0.0444779,0.032,0.013,0.194,0.181,0.0291827,
07/23/2012,14,,3580,0.0230844,0.025,0.009,0.666,0.657,0.0149551,
07/23/2012,14,,3580,0.0225989,0.022,0.009,0.365,0.356,0.011483,
07/25/2011,13,,2855,0.00864413,0.008,0.006,0.235,0.229,0.00627475,
07/26/2011,11,,3580,0.00491955,0.004,0.000,0.112,0.112,0.00374833,
08/02/2011,10,,2751,0.0143599,0.014,0.006,0.037,0.031,0.00251291,
08/02/2011,10,,3580,0.0120321,0.012,0.006,0.061,0.055,0.00419301,
08/04/2011,24,,2613,0.00477535,0.004,0.002,0.107,0.105,0.00329986,
08/04/2011,11,,3561,0.0117666,0.003,0.000,0.781,0.781,0.0418762,
08/21/2012,16,,3580,0.0238927,0.022,0.014,0.150,0.136,0.00739872,
08/21/2012,16,,2822,0.0254213,0.025,0.017,0.069,0.052,0.00497855,
08/22/2012,10,,3580,0.014264,0.012,0.004,0.948,0.944,0.0213553,
08/23/2012,11,,3247,0.0247164,0.025,0.014,0.057,0.043,0.00454989,
08/25/2012,24,,3580,0.0472721,0.028,0.016,0.460,0.444,0.0470736,
08/27/2012,11,,3580,0.0217969,0.02,0.010,0.300,0.29,0.0102489,
08/29/2012,9,,2646,0.0309649,0.03,0.017,0.062,0.045,0.0044364,
08/30/2011,10,,3060,0.0169876,0.016,0.002,0.195,0.193,0.00996578,
08/30/2011,10,,3580,0.0159391,0.015,0.002,0.141,0.139,0.00570315,
08/30/2012,11,,3580,0.0234936,0.021,0.016,0.071,0.055,0.00727429,
08/30/2012,10,,2511,0.0208192,0.020,0.016,0.047,0.031,0.00309313,
09/05/2012,9,,2521,0.0342753,0.034,0.028,0.084,0.056,0.00344579,
09/06/2012,24,,2419,0.0256995,0.025,0.020,0.259,0.239,0.00678478,
09/12/2012,24,,2770,0.0175563,0.017,0.007,0.055,0.048,0.00300755,
09/12/2012,10,,3580,0.017081,0.015,0.009,0.175,0.166,0.00700795,
09/13/2011,10,,2970,0.0277791,0.027,0.023,0.102,0.079,0.00274488,
08/23/2011,11,,3580,0.0226265,0.023,0.002,0.118,0.116,0.00432292,
09/16/2011,14,,3508,0.0353683,0.02,0.015,21.6,21.585,0.422147,
09/20/2011,24,,3515,0.0197201,0.019,0.014,0.224,0.21,0.00508579,
09/20/2011,24,,3580,0.0171282,0.015,0.011,0.097,0.086,0.010879,
09/22/2010,15,,3580,0.0157307,0.013,0.010,1.39,1.38,0.0352387,
09/22/2011,10,,2657,0.0458991,0.048,0.019,0.083,0.064,0.00646321,
09/22/2011,10,,3466,0.0309709,0.034,0.000,0.320,0.32,0.0117631,
09/26/2012,10,,3019,0.0401862,0.040,0.015,1.49,1.475,0.0330308,
09/27/2011,10,,2964,0.0140557,0.013,0.009,0.075,0.066,0.00410119,
09/27/2011,13,,3580,0.015667,0.015,0.009,0.074,0.065,0.00500428,
09/27/2011,10,,3580,0.0248151,0.011,0.000,0.213,0.213,0.046715,
09/29/2011,9,,3008,0.00894215,0.009,0.005,0.154,0.149,0.00470132,
09/29/2011,10,,3580,0.00615698,0.006,0.000,0.876,0.876,0.0217475,
10/01/2012,9,,2608,0.0368106,0.036,0.023,0.108,0.085,0.00437437,
10/02/2012,13,,3079,0.0339886,0.034,0.028,0.096,0.068,0.00354027,
10/02/2012,16,,2634,0.0568573,0.03,0.024,29.3,29.276,0.713121,
10/03/2012,10,,3256,0.0398228,0.041,0.020,0.097,0.077,0.0065713,
10/03/2012,15,,3295,0.00239818,0.000,0.000,0.221,0.221,0.00986845,
10/04/2012,24,,3580,0.0168413,0.016,0.012,0.037,0.025,0.00260392,
04/10/2013,11,,3332,0.0087479,0.008,0.001,0.094,0.093,0.00605691,
10/06/2011,11,,2682,0.00752573,0.007,0.001,0.068,0.067,0.00432398,
10/07/2011,11,,2649,0.0202431,0.018,0.007,0.455,0.448,0.019833,
10/07/2011,11,,3580,0.014664,0.013,0.003,0.181,0.178,0.0122127,
10/08/2011,13,,3580,0.0211302,0.019,0.000,4.70,4.7,0.103127,
10/09/2012,24,,3580,0.0165522,0.011,0.006,2.82,2.814,0.0593797,
10/11/2011,24,,3489,0.0115993,0.010,0.001,6.15,6.149,0.13288,
10/11/2011,24,,3398,0.00981931,0.011,0.002,0.676,0.674,0.01666,
10/12/2010,17,,3580,0.0251821,0.025,0.019,0.089,0.07,0.00359023,
10/12/2010,17,,3580,0.0225508,0.022,0.014,0.230,0.216,0.00612262,
10/13/2011,24,,1677,0.0318801,0.032,0.020,0.045,0.025,0.00302769,
10/13/2011,24,,1667,0.0263077,0.026,0.015,0.046,0.031,0.00277394,
10/13/2012,13,,2979,0.00107788,0.000,0.000,0.264,0.264,0.00831597,
09/22/2010,15,,3580,0.0157307,0.013,0.010,1.39,1.38,0.0352387,
10/06/2010,15,,3580,0.0205047,0.02,0.015,0.140,0.125,0.00531181,
10/12/2010,17,,3580,0.0251821,0.025,0.019,0.089,0.07,0.00359023,
10/13/2010,16,,3580,0.0172296,0.016,0.012,0.072,0.06,0.00491922,
10/14/2010,17,,3580,0.023086,0.023,0.020,0.057,0.037,0.00220813,
10/14/2011,11,,3487,0.0395721,0.040,0.024,0.095,0.071,0.00632727,
10/15/2012,16,,3580,0.0389916,0.012,0.000,4.52,4.52,0.21192,
10/19/2010,16,,2270,0.0593361,0.059,0.040,0.098,0.058,0.00440107,
10/19/2010,16,,2200,0.0587318,0.058,0.040,0.069,0.029,0.00325979,
10/20/2010,15,,3580,0.0319156,0.031,0.025,0.182,0.157,0.00802487,
10/26/2010,14,,3580,0.00924218,0.007,0.004,0.043,0.039,0.00639822,
10/26/2010,16,,3580,0.0117249,0.011,0.007,0.043,0.036,0.00333334,
10/26/2010,14,,3580,0.00761341,0.006,0.003,0.458,0.455,0.0109602,
10/26/2010,16,,3580,0.00853687,0.008,0.002,0.027,0.025,0.00299236,
10/27/2010,9,,3580,0.0100385,0.01,0.005,0.035,0.03,0.00140596,
10/27/2010,24,,3580,0.0118528,0.012,0.010,0.041,0.031,0.00155364,
10/27/2010,14,,3580,0.0165198,0.016,0.012,0.096,0.084,0.00541856,
10/27/2010,9,,3580,0.0101372,0.01,0.004,0.041,0.037,0.00152829,
10/27/2010,24,,3580,0.0101073,0.01,0.007,0.074,0.067,0.00203838,
10/27/2010,14,,3580,0.0137073,0.013,0.009,0.100,0.091,0.00540172,
10/31/2012,24,,3379,0.00820687,0.008,0.001,0.080,0.079,0.00550849,
11/03/2010,14,,2562,0.0480375,0.05,0.017,0.066,0.049,0.00978976,
11/05/2012,9,,2784,0.0410266,0.041,0.014,0.092,0.078,0.0049033,
11/06/2012,11,,2736,0.0769942,0.0775,0.025,0.128,0.103,0.00792997,
11/07/2012,10,,2894,0.0434534,0.043,0.010,0.350,0.34,0.0110378,
11/10/2011,24,,3580,0.0472486,0.0535,0.013,1.69,1.677,0.0428553,
11/14/2012,10,,3580,0.0298897,0.028,0.021,0.094,0.073,0.00569415,
11/16/2010,10,,3580,0.0101369,0.01,0.007,0.053,0.046,0.00208566,
11/16/2010,9,,3580,0.0107855,0.011,0.007,0.036,0.029,0.00218279,
11/17/2011,13,,3580,0.00527793,0.003,0.000,0.050,0.05,0.00897465,
11/19/2012,11,,2849,0.00638786,0.006,0.003,0.042,0.039,0.00229918,
11/23/2011,24,,3580,0.00942626,0.008,0.001,0.093,0.092,0.00543493,
11/25/2011,16,,1750,0.0186931,0.019,0.008,0.038,0.03,0.0025067,
01/07/2012,13,,2528,0.000837421,0.001,0.000,0.032,0.032,0.00123475,
12/03/2012,11,,3422,0.0377788,0.037,0.019,0.210,0.191,0.00793224,
12/07/2011,13,,2891,0.0744161,0.074,0.041,0.208,0.167,0.00619627,
12/08/2011,13,,3580,0.0685941,0.069,0.039,0.256,0.217,0.0121276,
12/09/2011,13,,3222,0.0881207,0.089,0.033,0.328,0.295,0.0107224,
12/10/2012,13,,3580,0.0130573,0.014,0.005,0.028,0.023,0.00316781,
12/13/2011,15,,3247,0.0268894,0.026,0.019,0.105,0.086,0.00436794,
12/14/2011,24,,3167,0.0667427,0.061,0.041,1.56,1.519,0.0530746,
12/15/2011,11,,2957,0.0175681,0.019,0.008,0.134,0.126,0.00711924,
12/17/2012,14,,3580,0.0138592,0.013,0.003,0.121,0.118,0.00412754,
12/19/2012,13,,3580,0.00909078,0.004,0.002,1.34,1.338,0.0562337,
12/20/2011,15,,3580,0.0390732,0.039,0.023,0.079,0.056,0.00439517,
12/21/2011,11,,2944,0.0790832,0.076,0.027,0.515,0.488,0.0237101,
12/22/2011,11,,3306,0.00296794,0.002,0.000,0.145,0.145,0.00565741,
12/23/2011,11,,3431,0.034545,0.035,0.019,0.282,0.263,0.0101975,
12/26/2011,14,,3170,0.0425543,0.043,0.031,0.058,0.027,0.00403983,
12/27/2011,24,,3580,0.0335416,0.035,0.019,0.072,0.053,0.00731438,
12/28/2011,14,,3092,0.0153719,0.015,0.010,0.055,0.045,0.00301957,
10/18/2011,24,,2493,0.0176398,0.017,0.009,0.092,0.083,0.00429855,
10/18/2011,24,,3580,0.0165869,0.014,0.000,0.095,0.095,0.0143905,
12/18/2012,14,,3580,0.00643492,0.005,0.000,1.61,1.61,0.033221,
01/19/2012,14,,2706,0.035888,0.036,0.010,0.076,0.066,0.00516952,
10/20/2011,10,,3347,0.0274733,0.027,0.019,0.607,0.588,0.0119961,
10/20/2011,24,,3109,0.0234535,0.023,0.018,0.039,0.021,0.00224708,
10/20/2011,10,,3580,0.0212173,0.021,0.009,0.077,0.068,0.00296492,
12/20/2012,24,,2936,0.00829394,0.007,0.004,0.071,0.067,0.00369814,
01/21/2012,13,,2946,0.00732179,0.007,0.002,0.024,0.022,0.00171501,
10/25/2011,13,,3580,0.0243385,0.024,0.017,0.048,0.031,0.00347713,
09/29/2011,9,,8,0.009125,0.009,0.007,0.011,0.004,0.00136359,
01/27/2012,16,,2758,0.0152806,0.015,0.008,0.142,0.134,0.00463625,
01/31/2012,13,,3095,0.0177499,0.018,0.010,0.031,0.021,0.00257717,
