Instrument Name,DustTrak II
Model Number,8530
Serial Number,8530094612
Firmware Version,2.4
Calibration Date,11/12/2009
Test Name,8530B_2-5_005
Test Start Time,03:27:57 PM
Test Start Date,12/13/2011
Test Length [D:H:M],0:0:54
Test Interval [M:S],0:1
Mass Average [mg/m3],0.027
Mass Minimum [mg/m3],0.019
Mass Maximum [mg/m3],0.105
Mass TWA [mg/m3],0.003
Photometric User Cal,1.00
Flow User Cal,1.00
Errors,
Number of Samples,3247

Elapsed Time [s],Mass [mg/m3],Alarms,Errors
1,0.041,,
2,0.038,,
3,0.036,,
4,0.037,,
5,0.037,,
6,0.035,,
7,0.032,,
8,0.032,,
9,0.031,,
10,0.031,,
11,0.032,,
12,0.032,,
13,0.032,,
14,0.033,,
15,0.034,,
16,0.033,,
17,0.033,,
18,0.034,,
19,0.033,,
20,0.032,,
21,0.030,,
22,0.031,,
23,0.033,,
24,0.030,,
25,0.029,,
26,0.029,,
27,0.030,,
28,0.031,,
29,0.030,,
30,0.031,,
31,0.030,,
32,0.030,,
33,0.030,,
34,0.031,,
35,0.030,,
36,0.029,,
37,0.029,,
38,0.029,,
39,0.030,,
40,0.030,,
41,0.031,,
42,0.029,,
43,0.029,,
44,0.028,,
45,0.030,,
46,0.031,,
47,0.030,,
48,0.032,,
49,0.032,,
50,0.030,,
51,0.030,,
52,0.029,,
53,0.030,,
54,0.031,,
55,0.029,,
56,0.028,,
57,0.030,,
58,0.030,,
59,0.029,,
60,0.028,,
61,0.028,,
62,0.030,,
63,0.030,,
64,0.028,,
65,0.029,,
66,0.028,,
67,0.027,,
68,0.027,,
69,0.028,,
70,0.028,,
71,0.029,,
72,0.029,,
73,0.028,,
74,0.030,,
75,0.030,,
76,0.027,,
77,0.029,,
78,0.031,,
79,0.029,,
80,0.028,,
81,0.028,,
82,0.029,,
83,0.028,,
84,0.029,,
85,0.029,,
86,0.029,,
87,0.027,,
88,0.027,,
89,0.027,,
90,0.029,,
91,0.029,,
92,0.030,,
93,0.029,,
94,0.029,,
95,0.030,,
96,0.029,,
97,0.028,,
98,0.028,,
99,0.029,,
100,0.029,,
101,0.028,,
102,0.028,,
103,0.028,,
104,0.028,,
105,0.028,,
106,0.028,,
107,0.029,,
108,0.029,,
109,0.029,,
110,0.029,,
111,0.027,,
112,0.026,,
113,0.027,,
114,0.028,,
115,0.031,,
116,0.027,,
117,0.028,,
118,0.028,,
119,0.028,,
120,0.027,,
121,0.028,,
122,0.028,,
123,0.029,,
124,0.030,,
125,0.028,,
126,0.028,,
127,0.030,,
128,0.030,,
129,0.030,,
130,0.030,,
131,0.028,,
132,0.029,,
133,0.029,,
134,0.028,,
135,0.027,,
136,0.029,,
137,0.030,,
138,0.029,,
139,0.027,,
140,0.028,,
141,0.028,,
142,0.028,,
143,0.028,,
144,0.026,,
145,0.027,,
146,0.027,,
147,0.027,,
148,0.027,,
149,0.027,,
150,0.028,,
151,0.029,,
152,0.029,,
153,0.027,,
154,0.027,,
155,0.028,,
156,0.028,,
157,0.028,,
158,0.027,,
159,0.026,,
160,0.027,,
161,0.029,,
162,0.028,,
163,0.028,,
164,0.028,,
165,0.028,,
166,0.027,,
167,0.027,,
168,0.027,,
169,0.028,,
170,0.028,,
171,0.029,,
172,0.028,,
173,0.026,,
174,0.027,,
175,0.028,,
176,0.028,,
177,0.029,,
178,0.028,,
179,0.027,,
180,0.027,,
181,0.027,,
182,0.028,,
183,0.030,,
184,0.028,,
185,0.027,,
186,0.026,,
187,0.028,,
188,0.030,,
189,0.028,,
190,0.028,,
191,0.028,,
192,0.028,,
193,0.028,,
194,0.028,,
195,0.029,,
196,0.028,,
197,0.027,,
198,0.027,,
199,0.029,,
200,0.030,,
201,0.029,,
202,0.029,,
203,0.028,,
204,0.028,,
205,0.029,,
206,0.029,,
207,0.027,,
208,0.028,,
209,0.030,,
210,0.029,,
211,0.027,,
212,0.027,,
213,0.028,,
214,0.028,,
215,0.028,,
216,0.028,,
217,0.028,,
218,0.027,,
219,0.027,,
220,0.028,,
221,0.027,,
222,0.027,,
223,0.027,,
224,0.028,,
225,0.029,,
226,0.027,,
227,0.027,,
228,0.028,,
229,0.028,,
230,0.028,,
231,0.027,,
232,0.028,,
233,0.030,,
234,0.027,,
235,0.026,,
236,0.027,,
237,0.028,,
238,0.027,,
239,0.028,,
240,0.027,,
241,0.027,,
242,0.026,,
243,0.028,,
244,0.029,,
245,0.027,,
246,0.029,,
247,0.027,,
248,0.027,,
249,0.027,,
250,0.027,,
251,0.026,,
252,0.026,,
253,0.026,,
254,0.026,,
255,0.026,,
256,0.025,,
257,0.025,,
258,0.026,,
259,0.027,,
260,0.026,,
261,0.025,,
262,0.025,,
263,0.025,,
264,0.026,,
265,0.025,,
266,0.024,,
267,0.024,,
268,0.026,,
269,0.027,,
270,0.028,,
271,0.027,,
272,0.026,,
273,0.028,,
274,0.027,,
275,0.025,,
276,0.026,,
277,0.027,,
278,0.026,,
279,0.026,,
280,0.025,,
281,0.025,,
282,0.026,,
283,0.026,,
284,0.026,,
285,0.027,,
286,0.027,,
287,0.028,,
288,0.027,,
289,0.026,,
290,0.026,,
291,0.027,,
292,0.028,,
293,0.026,,
294,0.026,,
295,0.026,,
296,0.026,,
297,0.026,,
298,0.027,,
299,0.028,,
300,0.026,,
301,0.026,,
302,0.028,,
303,0.026,,
304,0.025,,
305,0.025,,
306,0.026,,
307,0.025,,
308,0.025,,
309,0.027,,
310,0.026,,
311,0.028,,
312,0.027,,
313,0.025,,
314,0.025,,
315,0.025,,
316,0.025,,
317,0.026,,
318,0.027,,
319,0.027,,
320,0.027,,
321,0.027,,
322,0.025,,
323,0.025,,
324,0.025,,
325,0.027,,
326,0.028,,
327,0.027,,
328,0.026,,
329,0.026,,
330,0.026,,
331,0.026,,
332,0.026,,
333,0.026,,
334,0.029,,
335,0.029,,
336,0.025,,
337,0.027,,
338,0.026,,
339,0.026,,
340,0.027,,
341,0.027,,
342,0.027,,
343,0.027,,
344,0.026,,
345,0.027,,
346,0.028,,
347,0.027,,
348,0.027,,
349,0.026,,
350,0.028,,
351,0.028,,
352,0.027,,
353,0.026,,
354,0.027,,
355,0.026,,
356,0.027,,
357,0.027,,
358,0.027,,
359,0.027,,
360,0.028,,
361,0.028,,
362,0.028,,
363,0.027,,
364,0.027,,
365,0.026,,
366,0.026,,
367,0.027,,
368,0.027,,
369,0.025,,
370,0.025,,
371,0.027,,
372,0.027,,
373,0.026,,
374,0.027,,
375,0.029,,
376,0.028,,
377,0.026,,
378,0.026,,
379,0.027,,
380,0.028,,
381,0.027,,
382,0.026,,
383,0.026,,
384,0.026,,
385,0.025,,
386,0.025,,
387,0.026,,
388,0.028,,
389,0.028,,
390,0.027,,
391,0.026,,
392,0.027,,
393,0.028,,
394,0.028,,
395,0.027,,
396,0.026,,
397,0.026,,
398,0.026,,
399,0.026,,
400,0.025,,
401,0.027,,
402,0.026,,
403,0.027,,
404,0.028,,
405,0.027,,
406,0.026,,
407,0.026,,
408,0.026,,
409,0.025,,
410,0.025,,
411,0.027,,
412,0.026,,
413,0.028,,
414,0.026,,
415,0.026,,
416,0.027,,
417,0.026,,
418,0.026,,
419,0.026,,
420,0.028,,
421,0.028,,
422,0.025,,
423,0.026,,
424,0.027,,
425,0.028,,
426,0.028,,
427,0.028,,
428,0.027,,
429,0.027,,
430,0.025,,
431,0.025,,
432,0.025,,
433,0.025,,
434,0.026,,
435,0.026,,
436,0.025,,
437,0.025,,
438,0.025,,
439,0.025,,
440,0.026,,
441,0.026,,
442,0.026,,
443,0.027,,
444,0.026,,
445,0.026,,
446,0.025,,
447,0.025,,
448,0.025,,
449,0.026,,
450,0.026,,
451,0.025,,
452,0.025,,
453,0.025,,
454,0.026,,
455,0.027,,
456,0.028,,
457,0.027,,
458,0.027,,
459,0.026,,
460,0.027,,
461,0.027,,
462,0.025,,
463,0.025,,
464,0.026,,
465,0.027,,
466,0.026,,
467,0.025,,
468,0.026,,
469,0.026,,
470,0.026,,
471,0.027,,
472,0.028,,
473,0.027,,
474,0.028,,
475,0.027,,
476,0.026,,
477,0.025,,
478,0.026,,
479,0.025,,
480,0.026,,
481,0.026,,
482,0.029,,
483,0.027,,
484,0.027,,
485,0.026,,
486,0.028,,
487,0.030,,
488,0.026,,
489,0.025,,
490,0.025,,
491,0.026,,
492,0.027,,
493,0.027,,
494,0.026,,
495,0.027,,
496,0.026,,
497,0.025,,
498,0.026,,
499,0.027,,
500,0.026,,
501,0.027,,
502,0.025,,
503,0.026,,
504,0.025,,
505,0.023,,
506,0.024,,
507,0.025,,
508,0.024,,
509,0.024,,
510,0.024,,
511,0.024,,
512,0.026,,
513,0.028,,
514,0.029,,
515,0.026,,
516,0.025,,
517,0.024,,
518,0.025,,
519,0.026,,
520,0.025,,
521,0.026,,
522,0.029,,
523,0.027,,
524,0.025,,
525,0.026,,
526,0.028,,
527,0.028,,
528,0.026,,
529,0.026,,
530,0.027,,
531,0.028,,
532,0.027,,
533,0.025,,
534,0.025,,
535,0.026,,
536,0.026,,
537,0.026,,
538,0.027,,
539,0.026,,
540,0.026,,
541,0.025,,
542,0.024,,
543,0.025,,
544,0.026,,
545,0.025,,
546,0.025,,
547,0.025,,
548,0.025,,
549,0.025,,
550,0.025,,
551,0.025,,
552,0.025,,
553,0.025,,
554,0.024,,
555,0.026,,
556,0.024,,
557,0.023,,
558,0.025,,
559,0.024,,
560,0.022,,
561,0.022,,
562,0.024,,
563,0.024,,
564,0.025,,
565,0.023,,
566,0.023,,
567,0.024,,
568,0.023,,
569,0.025,,
570,0.025,,
571,0.025,,
572,0.026,,
573,0.027,,
574,0.026,,
575,0.025,,
576,0.026,,
577,0.026,,
578,0.026,,
579,0.027,,
580,0.026,,
581,0.030,,
582,0.030,,
583,0.025,,
584,0.025,,
585,0.025,,
586,0.024,,
587,0.025,,
588,0.026,,
589,0.025,,
590,0.025,,
591,0.025,,
592,0.025,,
593,0.026,,
594,0.026,,
595,0.026,,
596,0.026,,
597,0.026,,
598,0.026,,
599,0.026,,
600,0.025,,
601,0.026,,
602,0.027,,
603,0.027,,
604,0.026,,
605,0.026,,
606,0.025,,
607,0.025,,
608,0.026,,
609,0.026,,
610,0.025,,
611,0.028,,
612,0.026,,
613,0.026,,
614,0.026,,
615,0.025,,
616,0.025,,
617,0.024,,
618,0.023,,
619,0.024,,
620,0.024,,
621,0.023,,
622,0.022,,
623,0.023,,
624,0.022,,
625,0.024,,
626,0.025,,
627,0.025,,
628,0.027,,
629,0.026,,
630,0.026,,
631,0.028,,
632,0.025,,
633,0.025,,
634,0.027,,
635,0.026,,
636,0.025,,
637,0.025,,
638,0.025,,
639,0.027,,
640,0.027,,
641,0.027,,
642,0.028,,
643,0.027,,
644,0.025,,
645,0.025,,
646,0.026,,
647,0.026,,
648,0.025,,
649,0.024,,
650,0.025,,
651,0.025,,
652,0.024,,
653,0.023,,
654,0.024,,
655,0.023,,
656,0.025,,
657,0.023,,
658,0.023,,
659,0.023,,
660,0.022,,
661,0.024,,
662,0.026,,
663,0.025,,
664,0.025,,
665,0.025,,
666,0.024,,
667,0.024,,
668,0.025,,
669,0.025,,
670,0.025,,
671,0.026,,
672,0.026,,
673,0.026,,
674,0.025,,
675,0.024,,
676,0.024,,
677,0.025,,
678,0.024,,
679,0.026,,
680,0.031,,
681,0.028,,
682,0.028,,
683,0.030,,
684,0.027,,
685,0.026,,
686,0.027,,
687,0.025,,
688,0.026,,
689,0.025,,
690,0.024,,
691,0.025,,
692,0.025,,
693,0.026,,
694,0.028,,
695,0.025,,
696,0.024,,
697,0.024,,
698,0.026,,
699,0.026,,
700,0.024,,
701,0.023,,
702,0.023,,
703,0.025,,
704,0.024,,
705,0.024,,
706,0.024,,
707,0.023,,
708,0.023,,
709,0.023,,
710,0.023,,
711,0.024,,
712,0.023,,
713,0.025,,
714,0.025,,
715,0.023,,
716,0.023,,
717,0.025,,
718,0.026,,
719,0.025,,
720,0.027,,
721,0.029,,
722,0.054,,
723,0.105,,
724,0.094,,
725,0.066,,
726,0.033,,
727,0.026,,
728,0.028,,
729,0.029,,
730,0.029,,
731,0.028,,
732,0.027,,
733,0.026,,
734,0.022,,
735,0.022,,
736,0.024,,
737,0.024,,
738,0.024,,
739,0.024,,
740,0.024,,
741,0.024,,
742,0.024,,
743,0.024,,
744,0.024,,
745,0.024,,
746,0.026,,
747,0.026,,
748,0.023,,
749,0.024,,
750,0.024,,
751,0.024,,
752,0.025,,
753,0.025,,
754,0.024,,
755,0.023,,
756,0.023,,
757,0.023,,
758,0.024,,
759,0.024,,
760,0.024,,
761,0.024,,
762,0.024,,
763,0.025,,
764,0.027,,
765,0.027,,
766,0.024,,
767,0.023,,
768,0.022,,
769,0.024,,
770,0.023,,
771,0.022,,
772,0.022,,
773,0.023,,
774,0.023,,
775,0.023,,
776,0.024,,
777,0.022,,
778,0.024,,
779,0.024,,
780,0.023,,
781,0.023,,
782,0.022,,
783,0.024,,
784,0.023,,
785,0.025,,
786,0.025,,
787,0.024,,
788,0.024,,
789,0.025,,
790,0.025,,
791,0.023,,
792,0.023,,
793,0.024,,
794,0.022,,
795,0.024,,
796,0.024,,
797,0.024,,
798,0.025,,
799,0.024,,
800,0.023,,
801,0.022,,
802,0.022,,
803,0.022,,
804,0.024,,
805,0.024,,
806,0.022,,
807,0.023,,
808,0.023,,
809,0.024,,
810,0.025,,
811,0.023,,
812,0.023,,
813,0.022,,
814,0.021,,
815,0.023,,
816,0.024,,
817,0.023,,
818,0.023,,
819,0.026,,
820,0.024,,
821,0.024,,
822,0.024,,
823,0.022,,
824,0.024,,
825,0.023,,
826,0.022,,
827,0.022,,
828,0.022,,
829,0.023,,
830,0.023,,
831,0.023,,
832,0.023,,
833,0.021,,
834,0.022,,
835,0.023,,
836,0.023,,
837,0.022,,
838,0.022,,
839,0.021,,
840,0.022,,
841,0.023,,
842,0.024,,
843,0.024,,
844,0.022,,
845,0.022,,
846,0.023,,
847,0.024,,
848,0.023,,
849,0.023,,
850,0.022,,
851,0.022,,
852,0.021,,
853,0.021,,
854,0.022,,
855,0.023,,
856,0.023,,
857,0.023,,
858,0.023,,
859,0.023,,
860,0.022,,
861,0.022,,
862,0.022,,
863,0.024,,
864,0.024,,
865,0.022,,
866,0.022,,
867,0.024,,
868,0.024,,
869,0.025,,
870,0.026,,
871,0.022,,
872,0.022,,
873,0.024,,
874,0.023,,
875,0.023,,
876,0.022,,
877,0.022,,
878,0.024,,
879,0.024,,
880,0.023,,
881,0.022,,
882,0.022,,
883,0.023,,
884,0.022,,
885,0.023,,
886,0.023,,
887,0.023,,
888,0.022,,
889,0.023,,
890,0.023,,
891,0.023,,
892,0.025,,
893,0.023,,
894,0.022,,
895,0.023,,
896,0.023,,
897,0.023,,
898,0.024,,
899,0.022,,
900,0.022,,
901,0.024,,
902,0.023,,
903,0.024,,
904,0.023,,
905,0.022,,
906,0.022,,
907,0.022,,
908,0.022,,
909,0.026,,
910,0.025,,
911,0.023,,
912,0.023,,
913,0.022,,
914,0.021,,
915,0.022,,
916,0.023,,
917,0.024,,
918,0.026,,
919,0.024,,
920,0.021,,
921,0.022,,
922,0.021,,
923,0.021,,
924,0.021,,
925,0.022,,
926,0.021,,
927,0.021,,
928,0.021,,
929,0.021,,
930,0.022,,
931,0.025,,
932,0.025,,
933,0.023,,
934,0.023,,
935,0.022,,
936,0.021,,
937,0.022,,
938,0.022,,
939,0.021,,
940,0.022,,
941,0.023,,
942,0.024,,
943,0.023,,
944,0.023,,
945,0.023,,
946,0.023,,
947,0.021,,
948,0.023,,
949,0.023,,
950,0.021,,
951,0.021,,
952,0.023,,
953,0.022,,
954,0.023,,
955,0.022,,
956,0.022,,
957,0.022,,
958,0.023,,
959,0.021,,
960,0.022,,
961,0.025,,
962,0.025,,
963,0.024,,
964,0.024,,
965,0.023,,
966,0.023,,
967,0.024,,
968,0.023,,
969,0.022,,
970,0.022,,
971,0.021,,
972,0.021,,
973,0.023,,
974,0.021,,
975,0.022,,
976,0.024,,
977,0.024,,
978,0.022,,
979,0.022,,
980,0.023,,
981,0.023,,
982,0.024,,
983,0.024,,
984,0.021,,
985,0.022,,
986,0.021,,
987,0.022,,
988,0.023,,
989,0.024,,
990,0.022,,
991,0.023,,
992,0.023,,
993,0.023,,
994,0.024,,
995,0.023,,
996,0.023,,
997,0.024,,
998,0.023,,
999,0.024,,
1000,0.024,,
1001,0.024,,
1002,0.024,,
1003,0.025,,
1004,0.025,,
1005,0.023,,
1006,0.023,,
1007,0.022,,
1008,0.022,,
1009,0.022,,
1010,0.023,,
1011,0.022,,
1012,0.022,,
1013,0.023,,
1014,0.023,,
1015,0.023,,
1016,0.023,,
1017,0.021,,
1018,0.022,,
1019,0.023,,
1020,0.022,,
1021,0.022,,
1022,0.023,,
1023,0.023,,
1024,0.022,,
1025,0.022,,
1026,0.023,,
1027,0.023,,
1028,0.024,,
1029,0.025,,
1030,0.026,,
1031,0.024,,
1032,0.024,,
1033,0.023,,
1034,0.022,,
1035,0.023,,
1036,0.025,,
1037,0.025,,
1038,0.025,,
1039,0.025,,
1040,0.026,,
1041,0.025,,
1042,0.026,,
1043,0.030,,
1044,0.027,,
1045,0.026,,
1046,0.025,,
1047,0.024,,
1048,0.023,,
1049,0.024,,
1050,0.025,,
1051,0.025,,
1052,0.024,,
1053,0.025,,
1054,0.024,,
1055,0.025,,
1056,0.025,,
1057,0.023,,
1058,0.024,,
1059,0.025,,
1060,0.024,,
1061,0.025,,
1062,0.026,,
1063,0.026,,
1064,0.025,,
1065,0.025,,
1066,0.026,,
1067,0.026,,
1068,0.024,,
1069,0.024,,
1070,0.024,,
1071,0.023,,
1072,0.026,,
1073,0.027,,
1074,0.022,,
1075,0.023,,
1076,0.025,,
1077,0.026,,
1078,0.025,,
1079,0.025,,
1080,0.025,,
1081,0.025,,
1082,0.024,,
1083,0.025,,
1084,0.026,,
1085,0.024,,
1086,0.025,,
1087,0.024,,
1088,0.024,,
1089,0.025,,
1090,0.026,,
1091,0.025,,
1092,0.025,,
1093,0.024,,
1094,0.025,,
1095,0.025,,
1096,0.024,,
1097,0.025,,
1098,0.025,,
1099,0.025,,
1100,0.026,,
1101,0.026,,
1102,0.026,,
1103,0.026,,
1104,0.027,,
1105,0.025,,
1106,0.026,,
1107,0.027,,
1108,0.025,,
1109,0.026,,
1110,0.026,,
1111,0.024,,
1112,0.024,,
1113,0.024,,
1114,0.026,,
1115,0.025,,
1116,0.025,,
1117,0.025,,
1118,0.024,,
1119,0.024,,
1120,0.025,,
1121,0.025,,
1122,0.024,,
1123,0.024,,
1124,0.024,,
1125,0.026,,
1126,0.026,,
1127,0.025,,
1128,0.025,,
1129,0.025,,
1130,0.024,,
1131,0.024,,
1132,0.024,,
1133,0.024,,
1134,0.024,,
1135,0.024,,
1136,0.023,,
1137,0.023,,
1138,0.023,,
1139,0.024,,
1140,0.023,,
1141,0.024,,
1142,0.024,,
1143,0.025,,
1144,0.025,,
1145,0.025,,
1146,0.025,,
1147,0.025,,
1148,0.025,,
1149,0.023,,
1150,0.023,,
1151,0.024,,
1152,0.025,,
1153,0.025,,
1154,0.024,,
1155,0.025,,
1156,0.024,,
1157,0.023,,
1158,0.024,,
1159,0.024,,
1160,0.024,,
1161,0.025,,
1162,0.023,,
1163,0.022,,
1164,0.024,,
1165,0.025,,
1166,0.023,,
1167,0.023,,
1168,0.023,,
1169,0.023,,
1170,0.023,,
1171,0.023,,
1172,0.024,,
1173,0.024,,
1174,0.024,,
1175,0.023,,
1176,0.025,,
1177,0.023,,
1178,0.023,,
1179,0.024,,
1180,0.025,,
1181,0.026,,
1182,0.025,,
1183,0.024,,
1184,0.024,,
1185,0.025,,
1186,0.026,,
1187,0.025,,
1188,0.025,,
1189,0.026,,
1190,0.026,,
1191,0.026,,
1192,0.026,,
1193,0.025,,
1194,0.026,,
1195,0.025,,
1196,0.026,,
1197,0.027,,
1198,0.025,,
1199,0.025,,
1200,0.025,,
1201,0.027,,
1202,0.026,,
1203,0.025,,
1204,0.027,,
1205,0.027,,
1206,0.028,,
1207,0.028,,
1208,0.027,,
1209,0.028,,
1210,0.027,,
1211,0.026,,
1212,0.024,,
1213,0.024,,
1214,0.025,,
1215,0.027,,
1216,0.026,,
1217,0.025,,
1218,0.026,,
1219,0.025,,
1220,0.026,,
1221,0.026,,
1222,0.024,,
1223,0.023,,
1224,0.024,,
1225,0.024,,
1226,0.026,,
1227,0.024,,
1228,0.025,,
1229,0.025,,
1230,0.024,,
1231,0.024,,
1232,0.024,,
1233,0.025,,
1234,0.023,,
1235,0.023,,
1236,0.022,,
1237,0.022,,
1238,0.023,,
1239,0.024,,
1240,0.025,,
1241,0.025,,
1242,0.025,,
1243,0.026,,
1244,0.025,,
1245,0.026,,
1246,0.026,,
1247,0.024,,
1248,0.023,,
1249,0.025,,
1250,0.023,,
1251,0.024,,
1252,0.024,,
1253,0.024,,
1254,0.024,,
1255,0.025,,
1256,0.025,,
1257,0.025,,
1258,0.026,,
1259,0.024,,
1260,0.023,,
1261,0.024,,
1262,0.024,,
1263,0.024,,
1264,0.024,,
1265,0.023,,
1266,0.023,,
1267,0.024,,
1268,0.025,,
1269,0.024,,
1270,0.025,,
1271,0.025,,
1272,0.025,,
1273,0.025,,
1274,0.029,,
1275,0.041,,
1276,0.035,,
1277,0.027,,
1278,0.026,,
1279,0.027,,
1280,0.030,,
1281,0.032,,
1282,0.032,,
1283,0.032,,
1284,0.031,,
1285,0.030,,
1286,0.033,,
1287,0.036,,
1288,0.035,,
1289,0.033,,
1290,0.032,,
1291,0.033,,
1292,0.035,,
1293,0.033,,
1294,0.033,,
1295,0.035,,
1296,0.038,,
1297,0.038,,
1298,0.035,,
1299,0.035,,
1300,0.037,,
1301,0.037,,
1302,0.040,,
1303,0.038,,
1304,0.037,,
1305,0.039,,
1306,0.038,,
1307,0.039,,
1308,0.038,,
1309,0.037,,
1310,0.035,,
1311,0.036,,
1312,0.038,,
1313,0.040,,
1314,0.040,,
1315,0.037,,
1316,0.036,,
1317,0.036,,
1318,0.037,,
1319,0.038,,
1320,0.039,,
1321,0.039,,
1322,0.039,,
1323,0.038,,
1324,0.039,,
1325,0.041,,
1326,0.039,,
1327,0.039,,
1328,0.040,,
1329,0.040,,
1330,0.039,,
1331,0.038,,
1332,0.038,,
1333,0.039,,
1334,0.039,,
1335,0.039,,
1336,0.040,,
1337,0.040,,
1338,0.038,,
1339,0.036,,
1340,0.036,,
1341,0.037,,
1342,0.037,,
1343,0.037,,
1344,0.036,,
1345,0.036,,
1346,0.037,,
1347,0.038,,
1348,0.038,,
1349,0.037,,
1350,0.036,,
1351,0.037,,
1352,0.039,,
1353,0.037,,
1354,0.038,,
1355,0.038,,
1356,0.038,,
1357,0.038,,
1358,0.037,,
1359,0.036,,
1360,0.036,,
1361,0.037,,
1362,0.037,,
1363,0.037,,
1364,0.037,,
1365,0.038,,
1366,0.038,,
1367,0.037,,
1368,0.037,,
1369,0.037,,
1370,0.036,,
1371,0.036,,
1372,0.037,,
1373,0.037,,
1374,0.036,,
1375,0.037,,
1376,0.036,,
1377,0.037,,
1378,0.037,,
1379,0.037,,
1380,0.038,,
1381,0.039,,
1382,0.037,,
1383,0.039,,
1384,0.041,,
1385,0.038,,
1386,0.039,,
1387,0.038,,
1388,0.038,,
1389,0.037,,
1390,0.037,,
1391,0.038,,
1392,0.038,,
1393,0.036,,
1394,0.038,,
1395,0.039,,
1396,0.037,,
1397,0.038,,
1398,0.037,,
1399,0.037,,
1400,0.038,,
1401,0.038,,
1402,0.040,,
1403,0.040,,
1404,0.038,,
1405,0.038,,
1406,0.039,,
1407,0.037,,
1408,0.035,,
1409,0.037,,
1410,0.036,,
1411,0.036,,
1412,0.036,,
1413,0.037,,
1414,0.038,,
1415,0.038,,
1416,0.036,,
1417,0.036,,
1418,0.036,,
1419,0.036,,
1420,0.036,,
1421,0.036,,
1422,0.036,,
1423,0.036,,
1424,0.037,,
1425,0.036,,
1426,0.035,,
1427,0.036,,
1428,0.037,,
1429,0.038,,
1430,0.036,,
1431,0.036,,
1432,0.035,,
1433,0.034,,
1434,0.034,,
1435,0.034,,
1436,0.035,,
1437,0.033,,
1438,0.034,,
1439,0.034,,
1440,0.034,,
1441,0.035,,
1442,0.034,,
1443,0.034,,
1444,0.034,,
1445,0.034,,
1446,0.035,,
1447,0.034,,
1448,0.034,,
1449,0.033,,
1450,0.034,,
1451,0.033,,
1452,0.034,,
1453,0.035,,
1454,0.035,,
1455,0.034,,
1456,0.034,,
1457,0.034,,
1458,0.036,,
1459,0.036,,
1460,0.034,,
1461,0.035,,
1462,0.034,,
1463,0.034,,
1464,0.034,,
1465,0.034,,
1466,0.034,,
1467,0.035,,
1468,0.035,,
1469,0.033,,
1470,0.034,,
1471,0.035,,
1472,0.035,,
1473,0.036,,
1474,0.036,,
1475,0.034,,
1476,0.034,,
1477,0.033,,
1478,0.034,,
1479,0.034,,
1480,0.033,,
1481,0.034,,
1482,0.035,,
1483,0.036,,
1484,0.034,,
1485,0.035,,
1486,0.036,,
1487,0.037,,
1488,0.039,,
1489,0.036,,
1490,0.035,,
1491,0.035,,
1492,0.036,,
1493,0.036,,
1494,0.035,,
1495,0.034,,
1496,0.035,,
1497,0.035,,
1498,0.034,,
1499,0.033,,
1500,0.036,,
1501,0.038,,
1502,0.035,,
1503,0.035,,
1504,0.036,,
1505,0.036,,
1506,0.036,,
1507,0.035,,
1508,0.035,,
1509,0.034,,
1510,0.035,,
1511,0.037,,
1512,0.035,,
1513,0.035,,
1514,0.036,,
1515,0.034,,
1516,0.035,,
1517,0.033,,
1518,0.036,,
1519,0.036,,
1520,0.035,,
1521,0.035,,
1522,0.035,,
1523,0.035,,
1524,0.034,,
1525,0.035,,
1526,0.035,,
1527,0.034,,
1528,0.035,,
1529,0.035,,
1530,0.032,,
1531,0.034,,
1532,0.035,,
1533,0.033,,
1534,0.033,,
1535,0.033,,
1536,0.035,,
1537,0.034,,
1538,0.034,,
1539,0.034,,
1540,0.033,,
1541,0.032,,
1542,0.034,,
1543,0.036,,
1544,0.033,,
1545,0.031,,
1546,0.032,,
1547,0.032,,
1548,0.034,,
1549,0.033,,
1550,0.033,,
1551,0.035,,
1552,0.033,,
1553,0.032,,
1554,0.032,,
1555,0.032,,
1556,0.036,,
1557,0.035,,
1558,0.034,,
1559,0.033,,
1560,0.032,,
1561,0.032,,
1562,0.032,,
1563,0.032,,
1564,0.033,,
1565,0.033,,
1566,0.032,,
1567,0.032,,
1568,0.034,,
1569,0.033,,
1570,0.033,,
1571,0.032,,
1572,0.033,,
1573,0.033,,
1574,0.032,,
1575,0.032,,
1576,0.033,,
1577,0.033,,
1578,0.033,,
1579,0.033,,
1580,0.032,,
1581,0.033,,
1582,0.033,,
1583,0.033,,
1584,0.032,,
1585,0.031,,
1586,0.031,,
1587,0.030,,
1588,0.032,,
1589,0.033,,
1590,0.032,,
1591,0.033,,
1592,0.034,,
1593,0.032,,
1594,0.031,,
1595,0.032,,
1596,0.033,,
1597,0.033,,
1598,0.032,,
1599,0.031,,
1600,0.032,,
1601,0.032,,
1602,0.033,,
1603,0.033,,
1604,0.032,,
1605,0.031,,
1606,0.032,,
1607,0.033,,
1608,0.032,,
1609,0.032,,
1610,0.032,,
1611,0.030,,
1612,0.030,,
1613,0.030,,
1614,0.029,,
1615,0.031,,
1616,0.030,,
1617,0.030,,
1618,0.030,,
1619,0.030,,
1620,0.030,,
1621,0.029,,
1622,0.030,,
1623,0.032,,
1624,0.032,,
1625,0.034,,
1626,0.033,,
1627,0.033,,
1628,0.034,,
1629,0.033,,
1630,0.034,,
1631,0.034,,
1632,0.033,,
1633,0.032,,
1634,0.033,,
1635,0.034,,
1636,0.034,,
1637,0.034,,
1638,0.032,,
1639,0.031,,
1640,0.033,,
1641,0.032,,
1642,0.032,,
1643,0.031,,
1644,0.031,,
1645,0.032,,
1646,0.034,,
1647,0.032,,
1648,0.033,,
1649,0.034,,
1650,0.034,,
1651,0.034,,
1652,0.032,,
1653,0.032,,
1654,0.032,,
1655,0.030,,
1656,0.031,,
1657,0.032,,
1658,0.031,,
1659,0.031,,
1660,0.030,,
1661,0.030,,
1662,0.031,,
1663,0.031,,
1664,0.031,,
1665,0.032,,
1666,0.033,,
1667,0.032,,
1668,0.031,,
1669,0.030,,
1670,0.030,,
1671,0.030,,
1672,0.032,,
1673,0.034,,
1674,0.033,,
1675,0.033,,
1676,0.033,,
1677,0.031,,
1678,0.029,,
1679,0.031,,
1680,0.032,,
1681,0.032,,
1682,0.032,,
1683,0.030,,
1684,0.031,,
1685,0.031,,
1686,0.032,,
1687,0.030,,
1688,0.029,,
1689,0.030,,
1690,0.030,,
1691,0.030,,
1692,0.032,,
1693,0.031,,
1694,0.032,,
1695,0.031,,
1696,0.030,,
1697,0.031,,
1698,0.032,,
1699,0.031,,
1700,0.029,,
1701,0.029,,
1702,0.031,,
1703,0.031,,
1704,0.031,,
1705,0.033,,
1706,0.034,,
1707,0.031,,
1708,0.031,,
1709,0.030,,
1710,0.031,,
1711,0.030,,
1712,0.029,,
1713,0.031,,
1714,0.032,,
1715,0.034,,
1716,0.033,,
1717,0.029,,
1718,0.029,,
1719,0.029,,
1720,0.031,,
1721,0.030,,
1722,0.029,,
1723,0.030,,
1724,0.031,,
1725,0.029,,
1726,0.029,,
1727,0.029,,
1728,0.030,,
1729,0.032,,
1730,0.031,,
1731,0.030,,
1732,0.030,,
1733,0.031,,
1734,0.030,,
1735,0.031,,
1736,0.030,,
1737,0.029,,
1738,0.030,,
1739,0.031,,
1740,0.029,,
1741,0.030,,
1742,0.031,,
1743,0.032,,
1744,0.031,,
1745,0.030,,
1746,0.030,,
1747,0.030,,
1748,0.030,,
1749,0.032,,
1750,0.031,,
1751,0.030,,
1752,0.033,,
1753,0.032,,
1754,0.030,,
1755,0.031,,
1756,0.032,,
1757,0.031,,
1758,0.031,,
1759,0.031,,
1760,0.031,,
1761,0.031,,
1762,0.031,,
1763,0.030,,
1764,0.031,,
1765,0.031,,
1766,0.030,,
1767,0.031,,
1768,0.030,,
1769,0.031,,
1770,0.031,,
1771,0.031,,
1772,0.030,,
1773,0.028,,
1774,0.029,,
1775,0.029,,
1776,0.030,,
1777,0.031,,
1778,0.031,,
1779,0.031,,
1780,0.031,,
1781,0.030,,
1782,0.031,,
1783,0.033,,
1784,0.031,,
1785,0.029,,
1786,0.030,,
1787,0.033,,
1788,0.033,,
1789,0.033,,
1790,0.031,,
1791,0.030,,
1792,0.031,,
1793,0.031,,
1794,0.030,,
1795,0.028,,
1796,0.029,,
1797,0.031,,
1798,0.031,,
1799,0.031,,
1800,0.030,,
1801,0.030,,
1802,0.029,,
1803,0.030,,
1804,0.031,,
1805,0.031,,
1806,0.029,,
1807,0.029,,
1808,0.031,,
1809,0.031,,
1810,0.030,,
1811,0.029,,
1812,0.031,,
1813,0.030,,
1814,0.030,,
1815,0.031,,
1816,0.030,,
1817,0.029,,
1818,0.028,,
1819,0.029,,
1820,0.029,,
1821,0.029,,
1822,0.029,,
1823,0.030,,
1824,0.031,,
1825,0.030,,
1826,0.031,,
1827,0.031,,
1828,0.030,,
1829,0.029,,
1830,0.031,,
1831,0.034,,
1832,0.033,,
1833,0.030,,
1834,0.031,,
1835,0.030,,
1836,0.030,,
1837,0.030,,
1838,0.029,,
1839,0.027,,
1840,0.027,,
1841,0.027,,
1842,0.029,,
1843,0.026,,
1844,0.021,,
1845,0.020,,
1846,0.019,,
1847,0.020,,
1848,0.021,,
1849,0.020,,
1850,0.021,,
1851,0.023,,
1852,0.026,,
1853,0.023,,
1854,0.023,,
1855,0.023,,
1856,0.022,,
1857,0.022,,
1858,0.023,,
1859,0.022,,
1860,0.022,,
1861,0.022,,
1862,0.024,,
1863,0.023,,
1864,0.022,,
1865,0.022,,
1866,0.024,,
1867,0.023,,
1868,0.022,,
1869,0.022,,
1870,0.025,,
1871,0.024,,
1872,0.025,,
1873,0.025,,
1874,0.023,,
1875,0.024,,
1876,0.024,,
1877,0.023,,
1878,0.023,,
1879,0.022,,
1880,0.022,,
1881,0.023,,
1882,0.022,,
1883,0.021,,
1884,0.022,,
1885,0.021,,
1886,0.022,,
1887,0.022,,
1888,0.023,,
1889,0.024,,
1890,0.027,,
1891,0.024,,
1892,0.025,,
1893,0.023,,
1894,0.021,,
1895,0.021,,
1896,0.022,,
1897,0.022,,
1898,0.022,,
1899,0.024,,
1900,0.021,,
1901,0.022,,
1902,0.032,,
1903,0.043,,
1904,0.027,,
1905,0.023,,
1906,0.020,,
1907,0.024,,
1908,0.027,,
1909,0.022,,
1910,0.022,,
1911,0.021,,
1912,0.021,,
1913,0.021,,
1914,0.022,,
1915,0.022,,
1916,0.022,,
1917,0.022,,
1918,0.022,,
1919,0.022,,
1920,0.022,,
1921,0.022,,
1922,0.022,,
1923,0.022,,
1924,0.021,,
1925,0.021,,
1926,0.022,,
1927,0.022,,
1928,0.021,,
1929,0.023,,
1930,0.024,,
1931,0.026,,
1932,0.026,,
1933,0.025,,
1934,0.023,,
1935,0.024,,
1936,0.025,,
1937,0.024,,
1938,0.024,,
1939,0.022,,
1940,0.022,,
1941,0.022,,
1942,0.022,,
1943,0.022,,
1944,0.022,,
1945,0.023,,
1946,0.022,,
1947,0.022,,
1948,0.022,,
1949,0.021,,
1950,0.022,,
1951,0.022,,
1952,0.023,,
1953,0.022,,
1954,0.022,,
1955,0.023,,
1956,0.021,,
1957,0.021,,
1958,0.023,,
1959,0.023,,
1960,0.022,,
1961,0.023,,
1962,0.024,,
1963,0.023,,
1964,0.023,,
1965,0.021,,
1966,0.021,,
1967,0.021,,
1968,0.024,,
1969,0.024,,
1970,0.024,,
1971,0.023,,
1972,0.022,,
1973,0.022,,
1974,0.023,,
1975,0.023,,
1976,0.021,,
1977,0.020,,
1978,0.021,,
1979,0.023,,
1980,0.022,,
1981,0.023,,
1982,0.033,,
1983,0.031,,
1984,0.022,,
1985,0.021,,
1986,0.024,,
1987,0.024,,
1988,0.023,,
1989,0.024,,
1990,0.027,,
1991,0.026,,
1992,0.024,,
1993,0.023,,
1994,0.023,,
1995,0.023,,
1996,0.023,,
1997,0.024,,
1998,0.024,,
1999,0.024,,
2000,0.024,,
2001,0.024,,
2002,0.022,,
2003,0.022,,
2004,0.024,,
2005,0.023,,
2006,0.023,,
2007,0.023,,
2008,0.022,,
2009,0.023,,
2010,0.024,,
2011,0.024,,
2012,0.024,,
2013,0.025,,
2014,0.024,,
2015,0.024,,
2016,0.027,,
2017,0.027,,
2018,0.024,,
2019,0.024,,
2020,0.024,,
2021,0.023,,
2022,0.024,,
2023,0.026,,
2024,0.024,,
2025,0.024,,
2026,0.024,,
2027,0.024,,
2028,0.026,,
2029,0.029,,
2030,0.027,,
2031,0.027,,
2032,0.029,,
2033,0.028,,
2034,0.026,,
2035,0.025,,
2036,0.026,,
2037,0.026,,
2038,0.026,,
2039,0.026,,
2040,0.024,,
2041,0.025,,
2042,0.025,,
2043,0.024,,
2044,0.025,,
2045,0.026,,
2046,0.025,,
2047,0.025,,
2048,0.026,,
2049,0.023,,
2050,0.023,,
2051,0.024,,
2052,0.025,,
2053,0.024,,
2054,0.023,,
2055,0.026,,
2056,0.026,,
2057,0.025,,
2058,0.027,,
2059,0.024,,
2060,0.024,,
2061,0.025,,
2062,0.026,,
2063,0.026,,
2064,0.025,,
2065,0.025,,
2066,0.025,,
2067,0.025,,
2068,0.023,,
2069,0.026,,
2070,0.026,,
2071,0.025,,
2072,0.024,,
2073,0.024,,
2074,0.023,,
2075,0.026,,
2076,0.025,,
2077,0.025,,
2078,0.027,,
2079,0.026,,
2080,0.026,,
2081,0.027,,
2082,0.028,,
2083,0.029,,
2084,0.028,,
2085,0.027,,
2086,0.026,,
2087,0.027,,
2088,0.028,,
2089,0.029,,
2090,0.029,,
2091,0.030,,
2092,0.030,,
2093,0.029,,
2094,0.029,,
2095,0.030,,
2096,0.030,,
2097,0.029,,
2098,0.031,,
2099,0.031,,
2100,0.032,,
2101,0.033,,
2102,0.031,,
2103,0.030,,
2104,0.032,,
2105,0.029,,
2106,0.029,,
2107,0.027,,
2108,0.026,,
2109,0.025,,
2110,0.025,,
2111,0.025,,
2112,0.024,,
2113,0.025,,
2114,0.025,,
2115,0.022,,
2116,0.022,,
2117,0.023,,
2118,0.023,,
2119,0.024,,
2120,0.025,,
2121,0.026,,
2122,0.025,,
2123,0.025,,
2124,0.025,,
2125,0.025,,
2126,0.024,,
2127,0.024,,
2128,0.025,,
2129,0.026,,
2130,0.025,,
2131,0.024,,
2132,0.025,,
2133,0.023,,
2134,0.022,,
2135,0.023,,
2136,0.023,,
2137,0.024,,
2138,0.025,,
2139,0.025,,
2140,0.023,,
2141,0.025,,
2142,0.026,,
2143,0.025,,
2144,0.025,,
2145,0.024,,
2146,0.025,,
2147,0.024,,
2148,0.024,,
2149,0.025,,
2150,0.026,,
2151,0.025,,
2152,0.025,,
2153,0.025,,
2154,0.025,,
2155,0.024,,
2156,0.024,,
2157,0.024,,
2158,0.024,,
2159,0.024,,
2160,0.026,,
2161,0.024,,
2162,0.024,,
2163,0.025,,
2164,0.025,,
2165,0.024,,
2166,0.024,,
2167,0.024,,
2168,0.024,,
2169,0.024,,
2170,0.024,,
2171,0.023,,
2172,0.024,,
2173,0.024,,
2174,0.023,,
2175,0.024,,
2176,0.024,,
2177,0.024,,
2178,0.024,,
2179,0.022,,
2180,0.024,,
2181,0.026,,
2182,0.024,,
2183,0.023,,
2184,0.023,,
2185,0.023,,
2186,0.024,,
2187,0.024,,
2188,0.024,,
2189,0.025,,
2190,0.023,,
2191,0.023,,
2192,0.024,,
2193,0.025,,
2194,0.027,,
2195,0.025,,
2196,0.025,,
2197,0.024,,
2198,0.024,,
2199,0.024,,
2200,0.025,,
2201,0.024,,
2202,0.023,,
2203,0.023,,
2204,0.023,,
2205,0.023,,
2206,0.025,,
2207,0.025,,
2208,0.026,,
2209,0.026,,
2210,0.025,,
2211,0.025,,
2212,0.024,,
2213,0.023,,
2214,0.024,,
2215,0.024,,
2216,0.025,,
2217,0.026,,
2218,0.026,,
2219,0.025,,
2220,0.024,,
2221,0.024,,
2222,0.025,,
2223,0.025,,
2224,0.024,,
2225,0.025,,
2226,0.027,,
2227,0.024,,
2228,0.025,,
2229,0.024,,
2230,0.025,,
2231,0.023,,
2232,0.023,,
2233,0.024,,
2234,0.025,,
2235,0.025,,
2236,0.025,,
2237,0.024,,
2238,0.025,,
2239,0.026,,
2240,0.024,,
2241,0.024,,
2242,0.024,,
2243,0.024,,
2244,0.026,,
2245,0.024,,
2246,0.023,,
2247,0.024,,
2248,0.025,,
2249,0.025,,
2250,0.025,,
2251,0.026,,
2252,0.027,,
2253,0.025,,
2254,0.025,,
2255,0.024,,
2256,0.024,,
2257,0.026,,
2258,0.025,,
2259,0.025,,
2260,0.025,,
2261,0.026,,
2262,0.026,,
2263,0.025,,
2264,0.024,,
2265,0.024,,
2266,0.025,,
2267,0.025,,
2268,0.024,,
2269,0.024,,
2270,0.023,,
2271,0.023,,
2272,0.023,,
2273,0.022,,
2274,0.024,,
2275,0.025,,
2276,0.026,,
2277,0.025,,
2278,0.024,,
2279,0.024,,
2280,0.023,,
2281,0.025,,
2282,0.024,,
2283,0.024,,
2284,0.025,,
2285,0.026,,
2286,0.025,,
2287,0.024,,
2288,0.025,,
2289,0.025,,
2290,0.025,,
2291,0.024,,
2292,0.024,,
2293,0.026,,
2294,0.025,,
2295,0.025,,
2296,0.025,,
2297,0.026,,
2298,0.025,,
2299,0.025,,
2300,0.026,,
2301,0.026,,
2302,0.026,,
2303,0.026,,
2304,0.026,,
2305,0.024,,
2306,0.025,,
2307,0.024,,
2308,0.023,,
2309,0.024,,
2310,0.024,,
2311,0.025,,
2312,0.025,,
2313,0.024,,
2314,0.025,,
2315,0.026,,
2316,0.026,,
2317,0.025,,
2318,0.026,,
2319,0.025,,
2320,0.024,,
2321,0.025,,
2322,0.025,,
2323,0.024,,
2324,0.025,,
2325,0.026,,
2326,0.026,,
2327,0.026,,
2328,0.025,,
2329,0.025,,
2330,0.024,,
2331,0.024,,
2332,0.025,,
2333,0.025,,
2334,0.026,,
2335,0.025,,
2336,0.023,,
2337,0.024,,
2338,0.024,,
2339,0.024,,
2340,0.023,,
2341,0.025,,
2342,0.025,,
2343,0.023,,
2344,0.023,,
2345,0.025,,
2346,0.024,,
2347,0.024,,
2348,0.026,,
2349,0.025,,
2350,0.023,,
2351,0.023,,
2352,0.024,,
2353,0.024,,
2354,0.025,,
2355,0.025,,
2356,0.025,,
2357,0.025,,
2358,0.025,,
2359,0.026,,
2360,0.027,,
2361,0.025,,
2362,0.024,,
2363,0.024,,
2364,0.025,,
2365,0.025,,
2366,0.026,,
2367,0.024,,
2368,0.025,,
2369,0.026,,
2370,0.024,,
2371,0.026,,
2372,0.028,,
2373,0.027,,
2374,0.027,,
2375,0.028,,
2376,0.030,,
2377,0.031,,
2378,0.029,,
2379,0.027,,
2380,0.027,,
2381,0.028,,
2382,0.028,,
2383,0.027,,
2384,0.029,,
2385,0.029,,
2386,0.028,,
2387,0.028,,
2388,0.030,,
2389,0.029,,
2390,0.028,,
2391,0.028,,
2392,0.028,,
2393,0.028,,
2394,0.026,,
2395,0.025,,
2396,0.027,,
2397,0.026,,
2398,0.025,,
2399,0.025,,
2400,0.025,,
2401,0.026,,
2402,0.026,,
2403,0.026,,
2404,0.026,,
2405,0.026,,
2406,0.024,,
2407,0.024,,
2408,0.025,,
2409,0.026,,
2410,0.026,,
2411,0.027,,
2412,0.027,,
2413,0.026,,
2414,0.027,,
2415,0.027,,
2416,0.027,,
2417,0.029,,
2418,0.027,,
2419,0.027,,
2420,0.028,,
2421,0.028,,
2422,0.027,,
2423,0.027,,
2424,0.027,,
2425,0.027,,
2426,0.027,,
2427,0.028,,
2428,0.028,,
2429,0.028,,
2430,0.027,,
2431,0.027,,
2432,0.028,,
2433,0.027,,
2434,0.028,,
2435,0.029,,
2436,0.029,,
2437,0.028,,
2438,0.029,,
2439,0.029,,
2440,0.028,,
2441,0.028,,
2442,0.031,,
2443,0.029,,
2444,0.028,,
2445,0.029,,
2446,0.029,,
2447,0.029,,
2448,0.028,,
2449,0.029,,
2450,0.028,,
2451,0.029,,
2452,0.029,,
2453,0.027,,
2454,0.026,,
2455,0.027,,
2456,0.028,,
2457,0.029,,
2458,0.030,,
2459,0.027,,
2460,0.027,,
2461,0.027,,
2462,0.027,,
2463,0.026,,
2464,0.024,,
2465,0.028,,
2466,0.027,,
2467,0.029,,
2468,0.028,,
2469,0.028,,
2470,0.028,,
2471,0.028,,
2472,0.028,,
2473,0.027,,
2474,0.025,,
2475,0.026,,
2476,0.026,,
2477,0.027,,
2478,0.026,,
2479,0.026,,
2480,0.027,,
2481,0.027,,
2482,0.026,,
2483,0.027,,
2484,0.027,,
2485,0.027,,
2486,0.026,,
2487,0.028,,
2488,0.026,,
2489,0.025,,
2490,0.025,,
2491,0.026,,
2492,0.027,,
2493,0.027,,
2494,0.027,,
2495,0.025,,
2496,0.025,,
2497,0.026,,
2498,0.029,,
2499,0.028,,
2500,0.026,,
2501,0.027,,
2502,0.027,,
2503,0.025,,
2504,0.026,,
2505,0.028,,
2506,0.028,,
2507,0.027,,
2508,0.027,,
2509,0.027,,
2510,0.027,,
2511,0.028,,
2512,0.031,,
2513,0.030,,
2514,0.028,,
2515,0.028,,
2516,0.027,,
2517,0.028,,
2518,0.028,,
2519,0.027,,
2520,0.026,,
2521,0.027,,
2522,0.026,,
2523,0.026,,
2524,0.028,,
2525,0.028,,
2526,0.028,,
2527,0.028,,
2528,0.027,,
2529,0.027,,
2530,0.026,,
2531,0.026,,
2532,0.027,,
2533,0.027,,
2534,0.027,,
2535,0.028,,
2536,0.028,,
2537,0.027,,
2538,0.028,,
2539,0.028,,
2540,0.027,,
2541,0.026,,
2542,0.025,,
2543,0.027,,
2544,0.026,,
2545,0.024,,
2546,0.024,,
2547,0.025,,
2548,0.026,,
2549,0.025,,
2550,0.024,,
2551,0.024,,
2552,0.025,,
2553,0.025,,
2554,0.026,,
2555,0.027,,
2556,0.025,,
2557,0.025,,
2558,0.027,,
2559,0.026,,
2560,0.027,,
2561,0.027,,
2562,0.027,,
2563,0.027,,
2564,0.027,,
2565,0.027,,
2566,0.027,,
2567,0.027,,
2568,0.026,,
2569,0.026,,
2570,0.027,,
2571,0.027,,
2572,0.027,,
2573,0.024,,
2574,0.024,,
2575,0.026,,
2576,0.027,,
2577,0.027,,
2578,0.026,,
2579,0.025,,
2580,0.026,,
2581,0.027,,
2582,0.027,,
2583,0.026,,
2584,0.026,,
2585,0.027,,
2586,0.027,,
2587,0.027,,
2588,0.028,,
2589,0.029,,
2590,0.029,,
2591,0.027,,
2592,0.028,,
2593,0.027,,
2594,0.025,,
2595,0.027,,
2596,0.027,,
2597,0.026,,
2598,0.026,,
2599,0.026,,
2600,0.031,,
2601,0.031,,
2602,0.031,,
2603,0.030,,
2604,0.028,,
2605,0.027,,
2606,0.026,,
2607,0.026,,
2608,0.027,,
2609,0.027,,
2610,0.028,,
2611,0.027,,
2612,0.029,,
2613,0.028,,
2614,0.026,,
2615,0.026,,
2616,0.026,,
2617,0.026,,
2618,0.026,,
2619,0.025,,
2620,0.025,,
2621,0.026,,
2622,0.026,,
2623,0.025,,
2624,0.025,,
2625,0.026,,
2626,0.024,,
2627,0.026,,
2628,0.026,,
2629,0.026,,
2630,0.028,,
2631,0.028,,
2632,0.025,,
2633,0.024,,
2634,0.025,,
2635,0.025,,
2636,0.025,,
2637,0.024,,
2638,0.026,,
2639,0.026,,
2640,0.025,,
2641,0.026,,
2642,0.025,,
2643,0.026,,
2644,0.028,,
2645,0.028,,
2646,0.027,,
2647,0.027,,
2648,0.029,,
2649,0.027,,
2650,0.026,,
2651,0.026,,
2652,0.026,,
2653,0.026,,
2654,0.026,,
2655,0.027,,
2656,0.026,,
2657,0.025,,
2658,0.025,,
2659,0.026,,
2660,0.027,,
2661,0.028,,
2662,0.026,,
2663,0.025,,
2664,0.028,,
2665,0.030,,
2666,0.027,,
2667,0.027,,
2668,0.027,,
2669,0.025,,
2670,0.027,,
2671,0.027,,
2672,0.028,,
2673,0.027,,
2674,0.026,,
2675,0.028,,
2676,0.028,,
2677,0.027,,
2678,0.028,,
2679,0.027,,
2680,0.026,,
2681,0.027,,
2682,0.028,,
2683,0.027,,
2684,0.027,,
2685,0.027,,
2686,0.025,,
2687,0.027,,
2688,0.027,,
2689,0.028,,
2690,0.026,,
2691,0.027,,
2692,0.028,,
2693,0.028,,
2694,0.028,,
2695,0.028,,
2696,0.027,,
2697,0.028,,
2698,0.029,,
2699,0.029,,
2700,0.026,,
2701,0.026,,
2702,0.027,,
2703,0.026,,
2704,0.026,,
2705,0.027,,
2706,0.026,,
2707,0.026,,
2708,0.026,,
2709,0.026,,
2710,0.027,,
2711,0.026,,
2712,0.026,,
2713,0.026,,
2714,0.025,,
2715,0.027,,
2716,0.029,,
2717,0.027,,
2718,0.027,,
2719,0.028,,
2720,0.028,,
2721,0.027,,
2722,0.027,,
2723,0.026,,
2724,0.027,,
2725,0.028,,
2726,0.025,,
2727,0.026,,
2728,0.026,,
2729,0.026,,
2730,0.027,,
2731,0.028,,
2732,0.027,,
2733,0.027,,
2734,0.027,,
2735,0.028,,
2736,0.028,,
2737,0.025,,
2738,0.026,,
2739,0.027,,
2740,0.028,,
2741,0.026,,
2742,0.027,,
2743,0.029,,
2744,0.028,,
2745,0.028,,
2746,0.030,,
2747,0.031,,
2748,0.029,,
2749,0.028,,
2750,0.027,,
2751,0.026,,
2752,0.027,,
2753,0.027,,
2754,0.027,,
2755,0.026,,
2756,0.026,,
2757,0.025,,
2758,0.026,,
2759,0.027,,
2760,0.025,,
2761,0.024,,
2762,0.024,,
2763,0.024,,
2764,0.024,,
2765,0.025,,
2766,0.026,,
2767,0.029,,
2768,0.028,,
2769,0.024,,
2770,0.025,,
2771,0.023,,
2772,0.024,,
2773,0.025,,
2774,0.024,,
2775,0.024,,
2776,0.024,,
2777,0.023,,
2778,0.025,,
2779,0.027,,
2780,0.027,,
2781,0.027,,
2782,0.026,,
2783,0.026,,
2784,0.025,,
2785,0.025,,
2786,0.025,,
2787,0.026,,
2788,0.025,,
2789,0.025,,
2790,0.024,,
2791,0.024,,
2792,0.024,,
2793,0.024,,
2794,0.024,,
2795,0.024,,
2796,0.024,,
2797,0.026,,
2798,0.025,,
2799,0.024,,
2800,0.025,,
2801,0.025,,
2802,0.025,,
2803,0.023,,
2804,0.023,,
2805,0.023,,
2806,0.023,,
2807,0.025,,
2808,0.026,,
2809,0.027,,
2810,0.025,,
2811,0.025,,
2812,0.026,,
2813,0.025,,
2814,0.025,,
2815,0.025,,
2816,0.027,,
2817,0.026,,
2818,0.025,,
2819,0.027,,
2820,0.030,,
2821,0.026,,
2822,0.026,,
2823,0.025,,
2824,0.026,,
2825,0.028,,
2826,0.027,,
2827,0.027,,
2828,0.025,,
2829,0.024,,
2830,0.025,,
2831,0.024,,
2832,0.025,,
2833,0.026,,
2834,0.025,,
2835,0.024,,
2836,0.024,,
2837,0.024,,
2838,0.025,,
2839,0.027,,
2840,0.026,,
2841,0.025,,
2842,0.024,,
2843,0.023,,
2844,0.025,,
2845,0.028,,
2846,0.029,,
2847,0.025,,
2848,0.023,,
2849,0.025,,
2850,0.024,,
2851,0.023,,
2852,0.023,,
2853,0.023,,
2854,0.024,,
2855,0.024,,
2856,0.025,,
2857,0.024,,
2858,0.024,,
2859,0.025,,
2860,0.025,,
2861,0.024,,
2862,0.025,,
2863,0.024,,
2864,0.025,,
2865,0.026,,
2866,0.025,,
2867,0.025,,
2868,0.025,,
2869,0.024,,
2870,0.024,,
2871,0.025,,
2872,0.026,,
2873,0.027,,
2874,0.027,,
2875,0.025,,
2876,0.024,,
2877,0.025,,
2878,0.026,,
2879,0.025,,
2880,0.025,,
2881,0.024,,
2882,0.024,,
2883,0.024,,
2884,0.025,,
2885,0.025,,
2886,0.024,,
2887,0.024,,
2888,0.026,,
2889,0.027,,
2890,0.026,,
2891,0.024,,
2892,0.023,,
2893,0.023,,
2894,0.023,,
2895,0.024,,
2896,0.025,,
2897,0.024,,
2898,0.025,,
2899,0.024,,
2900,0.023,,
2901,0.024,,
2902,0.024,,
2903,0.023,,
2904,0.024,,
2905,0.025,,
2906,0.024,,
2907,0.023,,
2908,0.024,,
2909,0.026,,
2910,0.025,,
2911,0.025,,
2912,0.024,,
2913,0.023,,
2914,0.025,,
2915,0.024,,
2916,0.023,,
2917,0.024,,
2918,0.024,,
2919,0.026,,
2920,0.027,,
2921,0.025,,
2922,0.025,,
2923,0.025,,
2924,0.024,,
2925,0.024,,
2926,0.025,,
2927,0.025,,
2928,0.026,,
2929,0.025,,
2930,0.024,,
2931,0.024,,
2932,0.025,,
2933,0.025,,
2934,0.024,,
2935,0.026,,
2936,0.025,,
2937,0.026,,
2938,0.026,,
2939,0.024,,
2940,0.025,,
2941,0.026,,
2942,0.026,,
2943,0.026,,
2944,0.026,,
2945,0.024,,
2946,0.023,,
2947,0.023,,
2948,0.025,,
2949,0.026,,
2950,0.027,,
2951,0.027,,
2952,0.028,,
2953,0.024,,
2954,0.023,,
2955,0.023,,
2956,0.024,,
2957,0.025,,
2958,0.025,,
2959,0.025,,
2960,0.026,,
2961,0.029,,
2962,0.027,,
2963,0.025,,
2964,0.025,,
2965,0.026,,
2966,0.026,,
2967,0.024,,
2968,0.025,,
2969,0.024,,
2970,0.024,,
2971,0.024,,
2972,0.025,,
2973,0.025,,
2974,0.024,,
2975,0.023,,
2976,0.024,,
2977,0.025,,
2978,0.025,,
2979,0.023,,
2980,0.024,,
2981,0.024,,
2982,0.024,,
2983,0.025,,
2984,0.025,,
2985,0.025,,
2986,0.024,,
2987,0.026,,
2988,0.025,,
2989,0.024,,
2990,0.025,,
2991,0.025,,
2992,0.027,,
2993,0.028,,
2994,0.027,,
2995,0.027,,
2996,0.027,,
2997,0.028,,
2998,0.027,,
2999,0.025,,
3000,0.024,,
3001,0.027,,
3002,0.027,,
3003,0.025,,
3004,0.026,,
3005,0.027,,
3006,0.026,,
3007,0.026,,
3008,0.027,,
3009,0.026,,
3010,0.026,,
3011,0.026,,
3012,0.027,,
3013,0.026,,
3014,0.027,,
3015,0.027,,
3016,0.025,,
3017,0.025,,
3018,0.025,,
3019,0.026,,
3020,0.025,,
3021,0.025,,
3022,0.025,,
3023,0.024,,
3024,0.027,,
3025,0.025,,
3026,0.025,,
3027,0.024,,
3028,0.025,,
3029,0.025,,
3030,0.025,,
3031,0.026,,
3032,0.028,,
3033,0.028,,
3034,0.026,,
3035,0.025,,
3036,0.025,,
3037,0.024,,
3038,0.023,,
3039,0.023,,
3040,0.024,,
3041,0.024,,
3042,0.026,,
3043,0.025,,
3044,0.025,,
3045,0.027,,
3046,0.026,,
3047,0.025,,
3048,0.027,,
3049,0.027,,
3050,0.024,,
3051,0.025,,
3052,0.025,,
3053,0.025,,
3054,0.024,,
3055,0.024,,
3056,0.025,,
3057,0.025,,
3058,0.024,,
3059,0.024,,
3060,0.025,,
3061,0.025,,
3062,0.025,,
3063,0.025,,
3064,0.026,,
3065,0.026,,
3066,0.025,,
3067,0.025,,
3068,0.026,,
3069,0.027,,
3070,0.027,,
3071,0.027,,
3072,0.026,,
3073,0.026,,
3074,0.027,,
3075,0.025,,
3076,0.025,,
3077,0.026,,
3078,0.028,,
3079,0.026,,
3080,0.025,,
3081,0.027,,
3082,0.027,,
3083,0.025,,
3084,0.026,,
3085,0.024,,
3086,0.024,,
3087,0.025,,
3088,0.027,,
3089,0.026,,
3090,0.026,,
3091,0.026,,
3092,0.028,,
3093,0.026,,
3094,0.027,,
3095,0.028,,
3096,0.027,,
3097,0.027,,
3098,0.026,,
3099,0.026,,
3100,0.025,,
3101,0.024,,
3102,0.024,,
3103,0.026,,
3104,0.026,,
3105,0.024,,
3106,0.024,,
3107,0.025,,
3108,0.024,,
3109,0.025,,
3110,0.026,,
3111,0.027,,
3112,0.027,,
3113,0.024,,
3114,0.023,,
3115,0.023,,
3116,0.025,,
3117,0.024,,
3118,0.024,,
3119,0.025,,
3120,0.024,,
3121,0.023,,
3122,0.024,,
3123,0.025,,
3124,0.024,,
3125,0.024,,
3126,0.024,,
3127,0.024,,
3128,0.026,,
3129,0.025,,
3130,0.024,,
3131,0.026,,
3132,0.026,,
3133,0.025,,
3134,0.024,,
3135,0.025,,
3136,0.027,,
3137,0.026,,
3138,0.025,,
3139,0.024,,
3140,0.025,,
3141,0.025,,
3142,0.025,,
3143,0.025,,
3144,0.023,,
3145,0.023,,
3146,0.025,,
3147,0.024,,
3148,0.024,,
3149,0.025,,
3150,0.024,,
3151,0.025,,
3152,0.026,,
3153,0.025,,
3154,0.026,,
3155,0.026,,
3156,0.025,,
3157,0.025,,
3158,0.024,,
3159,0.025,,
3160,0.026,,
3161,0.025,,
3162,0.027,,
3163,0.033,,
3164,0.026,,
3165,0.025,,
3166,0.025,,
3167,0.024,,
3168,0.024,,
3169,0.024,,
3170,0.024,,
3171,0.024,,
3172,0.024,,
3173,0.024,,
3174,0.024,,
3175,0.024,,
3176,0.025,,
3177,0.024,,
3178,0.026,,
3179,0.025,,
3180,0.025,,
3181,0.026,,
3182,0.025,,
3183,0.025,,
3184,0.024,,
3185,0.025,,
3186,0.026,,
3187,0.025,,
3188,0.025,,
3189,0.026,,
3190,0.025,,
3191,0.025,,
3192,0.026,,
3193,0.025,,
3194,0.026,,
3195,0.026,,
3196,0.026,,
3197,0.024,,
3198,0.023,,
3199,0.033,,
3200,0.036,,
3201,0.025,,
3202,0.024,,
3203,0.023,,
3204,0.025,,
3205,0.025,,
3206,0.024,,
3207,0.024,,
3208,0.024,,
3209,0.025,,
3210,0.026,,
3211,0.026,,
3212,0.026,,
3213,0.027,,
3214,0.027,,
3215,0.027,,
3216,0.024,,
3217,0.022,,
3218,0.021,,
3219,0.022,,
3220,0.023,,
3221,0.023,,
3222,0.023,,
3223,0.022,,
3224,0.022,,
3225,0.021,,
3226,0.021,,
3227,0.022,,
3228,0.021,,
3229,0.023,,
3230,0.024,,
3231,0.022,,
3232,0.023,,
3233,0.023,,
3234,0.021,,
3235,0.021,,
3236,0.023,,
3237,0.023,,
3238,0.023,,
3239,0.021,,
3240,0.020,,
3241,0.021,,
3242,0.020,,
3243,0.022,,
3244,0.023,,
3245,0.023,,
3246,0.022,,
3247,0.021,,
